id,first_name,last_name,email,gender,ip_address
1,Kimbra,Pettigrew,kpettigrew0@dedecms.com,Female,253.123.30.10
2,Cornall,Rowlett,crowlett1@sitemeter.com,Male,223.20.241.246
3,May,Robelow,mrobelow2@is.gd,Female,200.221.39.69
4,Sibyl,Vanyashkin,svanyashkin3@unc.edu,Female,103.201.21.61
5,Nikolaus,Bernette,nbernette4@parallels.com,Male,192.249.74.49
6,Tiffie,Leyes,tleyes5@multiply.com,Female,152.35.251.190
7,Julianne,Dalinder,jdalinder6@dedecms.com,Female,26.237.107.12
8,Grantham,Gammett,ggammett7@skype.com,Male,87.137.168.80
9,Fairfax,Hancock,fhancock8@homestead.com,Male,171.235.144.3
10,Leopold,Buss,lbuss9@dedecms.com,Male,50.81.190.48
11,Ethelred,Axton,eaxtona@ucsd.edu,Male,225.194.73.15
12,Gideon,Filgate,gfilgateb@census.gov,Male,130.7.120.165
13,Hansiain,Mattholie,hmattholiec@eepurl.com,Male,178.83.47.113
14,Britt,Giovanazzi,bgiovanazzid@list-manage.com,Male,186.178.194.183
15,Annabela,Hutchcraft,ahutchcrafte@imgur.com,Female,107.98.214.115
16,Aubrie,Scherer,aschererf@economist.com,Female,26.217.101.167
17,Stevy,Winterbotham,swinterbothamg@histats.com,Male,187.254.54.134
18,Jaine,Markel,jmarkelh@prlog.org,Female,116.183.115.27
19,Willabella,Sudy,wsudyi@php.net,Female,94.76.113.230
20,Charlean,Asquez,casquezj@nyu.edu,Female,170.134.128.186
21,Saba,Van den Velde,svandenveldek@technorati.com,Female,114.24.134.100
22,Spencer,Smithend,ssmithendl@google.ru,Male,56.14.228.86
23,Scottie,Gout,sgoutm@360.cn,Male,231.72.42.115
24,Wallache,Stutely,wstutelyn@hubpages.com,Male,151.74.228.159
25,Lillis,Schubart,lschubarto@google.co.uk,Female,29.106.158.209
26,Aldwin,Northgraves,anorthgravesp@hud.gov,Male,230.85.217.196
27,Sibelle,Rosewarne,srosewarneq@cdbaby.com,Female,87.172.232.9
28,Russ,Tresise,rtresiser@nytimes.com,Male,146.195.101.252
29,Pablo,Raccio,praccios@bandcamp.com,Male,183.129.45.44
30,Roddie,McAne,rmcanet@sina.com.cn,Male,221.3.244.133
31,Kiersten,Ostrich,kostrichu@examiner.com,Female,89.227.52.166
32,Natale,Godlonton,ngodlontonv@taobao.com,Male,5.151.209.234
33,Xena,Moffet,xmoffetw@rambler.ru,Female,4.57.200.190
34,Alane,Segrave,asegravex@example.com,Female,16.81.110.177
35,Pascale,Wintle,pwintley@a8.net,Male,253.66.60.45
36,Chan,Sodory,csodoryz@jalbum.net,Male,247.55.140.125
37,Fedora,Lohoar,flohoar10@sfgate.com,Female,68.93.78.115
38,Jere,Richardon,jrichardon11@globo.com,Male,99.92.10.219
39,Jaquelyn,Cadogan,jcadogan12@networksolutions.com,Female,251.139.53.41
40,Spense,Cowup,scowup13@accuweather.com,Male,99.248.44.64
41,Nan,Strephan,nstrephan14@etsy.com,Female,31.114.89.120
42,Tish,Crippes,tcrippes15@npr.org,Female,237.136.142.129
43,Fionnula,Widd,fwidd16@nps.gov,Female,26.136.73.145
44,Winonah,Beveredge,wbeveredge17@smugmug.com,Female,103.73.201.9
45,Kasey,Catteroll,kcatteroll18@usnews.com,Female,225.36.37.177
46,Hilary,Orr,horr19@skype.com,Male,208.34.52.24
47,Steve,Sillitoe,ssillitoe1a@pagesperso-orange.fr,Male,35.193.110.81
48,Nathanael,Curnock,ncurnock1b@europa.eu,Male,106.48.19.106
49,Arturo,Germaine,agermaine1c@constantcontact.com,Male,163.211.57.3
50,Otto,Durnin,odurnin1d@fc2.com,Male,125.120.152.142
51,Lionello,Jude,ljude1e@deviantart.com,Male,156.189.23.232
52,Wolfgang,Dahlborg,wdahlborg1f@booking.com,Male,198.202.129.114
53,Ricca,Diggle,rdiggle1g@cafepress.com,Female,56.198.135.151
54,Josephine,Hazeman,jhazeman1h@geocities.com,Female,108.108.190.56
55,Shawnee,Halm,shalm1i@alibaba.com,Female,187.67.236.85
56,Vivianne,Minchinden,vminchinden1j@yahoo.co.jp,Female,69.69.178.47
57,Velma,Meaton,vmeaton1k@addtoany.com,Female,199.222.43.78
58,Babb,MacGoun,bmacgoun1l@marketwatch.com,Female,140.24.91.145
59,Cristiano,Nicklin,cnicklin1m@geocities.jp,Male,199.86.201.129
60,Cornelius,Dowers,cdowers1n@state.gov,Male,200.30.171.245
61,Heath,Lillow,hlillow1o@dailymail.co.uk,Female,151.251.223.31
62,Jaclin,Dicken,jdicken1p@gov.uk,Female,44.215.79.130
63,Clio,Borgnet,cborgnet1q@cbsnews.com,Female,8.11.143.156
64,Wren,Pennoni,wpennoni1r@jalbum.net,Female,217.48.246.254
65,Wilden,Aberdein,waberdein1s@geocities.com,Male,171.192.39.53
66,Marybeth,Kubalek,mkubalek1t@cam.ac.uk,Female,121.158.35.250
67,Arnoldo,Lethibridge,alethibridge1u@businesswire.com,Male,71.137.250.116
68,Vida,Crosfeld,vcrosfeld1v@edublogs.org,Female,15.6.20.17
69,Corie,Azema,cazema1w@cloudflare.com,Female,131.104.178.159
70,Richardo,Beavington,rbeavington1x@dailymotion.com,Male,219.59.220.54
71,Waylen,Stokoe,wstokoe1y@sciencedaily.com,Male,112.54.161.142
72,Ninon,Gascone,ngascone1z@latimes.com,Female,54.202.21.106
73,Gradeigh,Feavers,gfeavers20@cargocollective.com,Male,164.35.89.203
74,Skipton,Mcettrick,smcettrick21@patch.com,Male,173.223.155.34
75,Whitaker,Mattioni,wmattioni22@mtv.com,Male,7.200.26.113
76,Tremain,Liepina,tliepina23@whitehouse.gov,Male,119.205.41.253
77,Karia,Gianiello,kgianiello24@omniture.com,Female,83.147.144.53
78,Chet,Tinsey,ctinsey25@ed.gov,Male,80.233.81.21
79,Dacia,Vollam,dvollam26@shop-pro.jp,Female,38.195.179.41
80,Rodie,Campanelle,rcampanelle27@sphinn.com,Female,105.140.180.89
81,Ferrell,Kembry,fkembry28@ovh.net,Male,245.37.12.214
82,Israel,Killough,ikillough29@mysql.com,Male,182.51.8.65
83,Torin,Ring,tring2a@sbwire.com,Male,1.19.253.83
84,Grace,Blain,gblain2b@cbsnews.com,Female,85.217.97.87
85,Brooke,Bigmore,bbigmore2c@unc.edu,Male,99.97.76.48
86,Chandal,Mulroy,cmulroy2d@example.com,Female,131.170.223.64
87,Rica,Varnam,rvarnam2e@imageshack.us,Female,180.112.71.39
88,Dwight,Craighead,dcraighead2f@purevolume.com,Male,205.160.255.107
89,Jobyna,Diboll,jdiboll2g@photobucket.com,Female,82.240.21.147
90,Nerissa,Oldknow,noldknow2h@state.gov,Female,158.103.109.230
91,Ettie,Halbard,ehalbard2i@reuters.com,Female,156.155.70.108
92,Burlie,Maytom,bmaytom2j@oakley.com,Male,28.159.237.111
93,Clemente,Leaton,cleaton2k@com.com,Male,48.112.200.170
94,Michal,McCrann,mmccrann2l@jimdo.com,Female,83.7.152.49
95,Dominique,Bewley,dbewley2m@cbslocal.com,Male,101.210.99.166
96,Valencia,McBrier,vmcbrier2n@surveymonkey.com,Female,60.169.93.146
97,Jillian,Faughny,jfaughny2o@phoca.cz,Female,46.92.34.92
98,Brear,Bluett,bbluett2p@networksolutions.com,Female,74.61.17.45
99,Cecilius,Mainland,cmainland2q@apache.org,Male,105.81.243.22
100,Hubey,Ramsden,hramsden2r@artisteer.com,Male,133.252.35.57
