id,first_name,last_name,street_address,city,state,zipcode,phone,email,birthday
1,Lynn,Kuhl,1690 Mill Street,Greenville,SC,29615,864-266-3412,lynnkuhl@yahoo.com,12/31/1997
2,Lola,Rivera,783 Elk Avenue,Concord,MI,49237,517-524-7746,lola.a.rivera@samplemail.org,1/20/1965
3,Tracy,Rogers,1748 Henery Street,Andover,KS,67002,316-733-8651,tracy@example.net,10/20/1997
4,Aaron,Gephart,223 Penn Street,Flat River,MO,63601,573-327-4121,aarongephart@yahoo.com,6/12/1975
5,Lillian,Anderson,917 Tanglewood Road,Jackson,MS,39201,662-809-3796,lilliananderson41@gmail.com,10/12/1995
6,Imogene,Phillips,4898 Gerald L. Bates Drive,Brighton,MA,2135,617-779-0470,imogenephillips65@gmail.com,7/21/1997
7,Robert,Rowe,844 Kembery Drive,Chicago,IL,60605,630-550-1134,robert.l.rowe@samplemail.org,5/7/1988
8,John,Maginnis,4275 Masonic Drive,Helena,MT,59601,406-529-9922,john@example.net,7/6/1969
9,Edward,Crockett,4608 Pooh Bear Lane,Blacksburg,SC,29702,864-839-0066,edward.b.crockett@samplemail.org,4/27/1955
10,Thomas,Pomeroy,4426 Coal Road,Harrisburg,PA,17109,570-694-1959,thomaspomeroy@yahoo.com,12/17/1963
11,Vaughn,Frawley,1958 Abner Road,Appleton,WI,54913,715-401-3263,vaughnfrawley80@gmail.com,9/1/1973
12,Loretta,Gonzalez,638 Stanley Avenue,Garden City,NY,11530,516-547-8599,lorettagonzalez@yahoo.com,12/19/1990
13,Richard,Baggett,4602 Holly Street,Charlotte,NC,28202,704-979-0789,richard.t.baggett@samplemail.org,4/1/1983
14,Linda,Sherrod,296 Neville Street,Sunman,IN,47041,812-623-0915,lsherrod521@gmail.com,12/18/1959
15,Kimberly,Hathcock,607 Ocello Street,San Diego,CA,92121,619-873-5770,kimberlyh863@yahoo.com,3/24/1972
16,Jarrett,Kirkpatrick,308 Ridenour Street,Miramar,FL,33025,786-246-3370,jarrett.b.kirkpatrick@samplemail.org,7/18/1987
17,Michael,Cole,4073 Chapmans Lane,Albuquerque,NM,87110,505-883-6589,michaelcole@yahoo.com,11/8/1980
18,Kathryn,Ruby,1309 Stanley Avenue,Bellerose,NY,11426,516-519-1139,kathrynruby@yahoo.com,1/21/1961
19,Marjory,Tyler,4279 Concord Street,Charlotte,NC,28209,704-521-6455,marjorytyler@yahoo.com,8/3/1965
20,Frank,Canon,622 Norma Lane,Marksville,LA,71351,318-597-2327,frankc848@yahoo.com,1/12/1985
21,Nichole,Roberts,2664 Traction Street,Inman,SC,29349,864-472-6160,nichole.g.roberts@samplemail.org,6/23/1958
22,Kerri,Love,837 Horseshoe Lane,Philadelphia,PA,19108,484-451-0200,kerri.m.love@samplemail.org,12/2/1961
23,Kimberly,Jones,2498 Layman Avenue,Elizabethtown,NC,28337,910-872-0156,kimberly.k.jones@samplemail.org,1/23/1966
24,Duane,Elsea,317 Bobcat Drive,Detroit,MI,48219,248-235-0011,duane.elsea@springfield.edu,4/2/1970
25,Patrick,Cordon,3863 Dale Avenue,Seattle,WA,98119,253-750-2667,patrickc995@yahoo.com,1/22/1989
26,Kyla,Jones,4086 Joanne Lane,Worcester,MA,1610,978-491-8730,kyla8@example.net,6/29/1975
27,Allen,Howard,2456 Old Dear Lane,West Nyack,NY,10994,845-825-5472,allen10@example.net,3/13/1978
28,Loretta,Kennedy,104 Joseph Street,Brookfield,WI,53045,262-794-2065,loretta.kennedy@springfield.edu,7/8/1964
29,James,Ayala,4969 Metz Lane,Cambridge,MA,2141,857-931-4521,jamesayala78@gmail.com,2/17/1957
30,Julie,Hertzog,2485 Maloy Court,Rush Center,KS,67575,785-391-1015,jhertzog943@gmail.com,1/14/1978
31,Joyce,Paterson,478 Progress Way,Swisher,IA,52338,319-857-5407,joyce.m.paterson@samplemail.org,12/25/1964
32,David,Brown,289 Dogwood Road,Phoenix,AZ,85003,602-718-7001,davidb5@springfield.edu,9/25/1957
33,Daniel,Alger,3160 Berry Street,Colorado Springs,CO,80903,719-630-9252,daniel.m.alger@samplemail.org,1/12/1986
34,Daisy,Fitzgerald,2284 McVaney Road,Asheville,NC,28801,828-279-1918,daisy@example.net,5/17/1999
35,Amanda,Limon,743 Jarvisville Road,Lansing,MI,48912,517-224-3624,amanda.j.limon@samplemail.org,10/16/1974
36,John,Vera,4782 Fleming Street,Montgomery,AL,36107,334-415-9717,john.n.vera@samplemail.org,7/29/1955
37,James,Howell,4349 University Street,Vashon,WA,98070,206-463-8825,jamesh6@springfield.edu,1/4/1965
38,Pamela,Higgs,1270 Clousson Road,Laurens,IA,50554,712-845-2991,pamelahiggs61@gmail.com,4/9/1970
39,Amy,Cowart,894 Emma Street,Merrell,TX,79408,806-873-2920,amyc685@yahoo.com,7/21/1978
40,Donald,Elia,2296 Concord Street,Charlotte,NC,28210,704-554-1056,donald.d.elia@samplemail.org,12/10/1970
41,Kent,Howard,3983 Diane Street,Arroyo Grande,CA,93420,805-473-4551,kent@example.net,3/13/1983
42,Cara,Luckett,4183 Metz Lane,Woburn,MA,1801,857-888-2321,caral12@springfield.edu,7/29/1996
43,Marjorie,Brock,274 Lucy Lane,Lawrenceburg,IN,47025,812-532-6594,marjoriebrock67@gmail.com,3/1/1986
44,Annie,Stuart,4175 Mcwhorter Road,Jackson,MS,39201,662-441-4834,anniestuart23@gmail.com,2/2/1984
45,Frances,Osbourne,4480 Ralph Drive,Willoughby,OH,44094,440-269-2277,frances4@example.net,9/3/1997
46,Michael,Amundson,4654 Collins Street,Tampa,FL,33619,813-944-5380,michaela5@springfield.edu,9/20/1966
47,Dale,Dunham,2640 McDowell Street,Cookeville,TN,38501,931-432-8187,daledunham73@gmail.com,6/1/1994
48,Douglas,Grant,1858 Pleasant Hill Road,Boca Raton,FL,33487,561-994-8210,douglasgrant@yahoo.com,7/12/1990
49,Bessie,Feldman,4153 George Avenue,Mobile,AL,36638,251-232-1301,bessie.r.feldman@samplemail.org,7/24/1992
50,Matthew,Kennedy,609 Riverwood Drive,Sacramento,CA,58147,530-405-2729,matthewk463@yahoo.com,2/21/1971
51,Richard,Casner,1427 Sherman Street,Topeka,KS,66605,785-861-1872,richard.a.casner@samplemail.org,3/10/1976
52,Robert,Gates,169 Andell Road,Brentwood,TN,37027,615-229-6939,robertgates@yahoo.com,1/18/1998
53,William,Allen,1500 Raccoon Run,Seattle,WA,98109,206-922-6427,williama798@yahoo.com,3/29/1963
54,Luis,Whitlock,1028 New Creek Road,Elkhart,IN,46516,260-237-5321,luiswhitlock@yahoo.com,4/23/1992
55,Sarah,Bryant,3250 Tipple Road,Plumsteadville,PA,18949,215-766-3467,sarahb3@springfield.edu,5/3/1994
56,Gregory,Ramirez,2271 Crestview Manor,Indianapolis,IN,46241,317-240-7576,gregory.ramirez@springfield.edu,2/6/1994
57,Tom,Neal,4399 Clousson Road,Hinton,IA,51024,712-947-3203,tom.s.neal@samplemail.org,6/5/1978
58,Virginia,Taylor,4890 Harley Brook Lane,State College,PA,16803,814-523-9885,virginia.m.taylor@samplemail.org,9/23/1955
59,Lois,Graham,2797 Coal Street,Johnstown,PA,15909,814-322-4488,lois.a.graham@samplemail.org,11/30/1984
60,John,Armstead,3555 Fantages Way,Portland,ME,4101,207-699-7279,johna5@springfield.edu,10/30/1960
61,Edward,Rosenberg,2929 Eden Drive,Richmond,VA,23219,804-930-1075,edward.s.rosenberg@samplemail.org,11/25/1984
62,Dorthy,Venable,2967 Marion Drive,Tampa,FL,33614,813-380-5223,dvenable782@gmail.com,1/7/1988
63,Vicente,Cardona,3592 Valley View Drive,Brighton,MA,2135,617-746-7244,vicentecardona@yahoo.com,9/15/1995
64,Dawn,Haley,4988 Pinewood Drive,Chicago,IL,60605,847-820-0679,dawnhaley3@gmail.com,3/15/1980
65,Diana,Simmons,2544 Spring Street,Jacksonville,IL,62650,217-861-6206,diana@example.net,11/18/1980
66,Timothy,Garza,4411 Circle Drive,Houston,TX,77032,832-473-9676,timothygarza@yahoo.com,11/2/1971
67,Stephen,Fraser,967 Illinois Avenue,Gresham,OR,97030,503-669-0102,stephenfraser29@gmail.com,4/12/2000
68,Jason,Gray,980 Park Avenue,Sacramento,CA,95814,916-545-5937,jgray755@gmail.com,9/18/1980
69,David,Gustavson,1409 Maryland Avenue,Tampa,FL,33634,727-619-0253,davidg567@yahoo.com,5/13/1977
70,Sandra,Sullivan,2246 Ingram Street,Dayton,OH,45429,937-528-9871,sandra.sullivan@springfield.edu,9/14/1975
71,Christopher,Harrison,89 Reppert Coal Road,Natchez,MS,39120,601-210-8825,christopherh248@yahoo.com,8/22/1998
72,Willie,Cary,973 Hillcrest Circle,Golden Valley,MN,55427,763-513-0216,williecary85@gmail.com,1/11/1961
73,Courtney,Hines,2882 Stutler Lane,Erie,PA,16501,814-488-8171,courtney.hines@springfield.edu,3/31/1976
74,James,Cordero,166 Stoney Lonesome Road,Stroudsburg,PA,18360,570-424-2423,james8@example.net,7/22/1975
75,Ernest,Edwards,1611 Old House Drive,Columbus,OH,43215,740-904-5996,ernest.l.edwards@samplemail.org,11/15/1972
76,Victoria,Ortega,4883 Emily Renzelli Boulevard,Salinas,CA,93901,831-595-7981,victoriao7@springfield.edu,10/11/1987
77,Ronald,Miller,3129 Pick Street,Durango,CO,81302,970-551-7161,ronald@example.net,1/31/1999
78,Ruthie,Smith,1811 Stuart Street,Pittsburgh,PA,15212,724-381-1394,rsmith156@gmail.com,7/28/1967
79,Sidney,Flint,1173 Terra Street,Friday Harbor,WA,98250,360-378-6008,sidney@example.net,5/25/1992
80,Melissa,Newman,220 Thunder Road,San Francisco,CA,94103,650-585-6122,melissan774@yahoo.com,5/7/1988
81,Toby,Boone,1428 Masonic Drive,Charlo,MT,59824,406-644-2251,tobyboone@yahoo.com,10/29/1963
82,Jon,Adams,1321 Heavens Way,Santa Ana,CA,92705,949-200-1102,jadams447@gmail.com,9/5/1959
83,Roger,Crain,744 Wilson Street,San Diego,CA,92103,760-897-8587,rogerc7@springfield.edu,10/17/1998
84,Teresa,Franco,752 Redbud Drive,New York,NY,10013,347-751-4680,teresa.a.franco@samplemail.org,10/6/1982
85,Sherrie,Kerr,4505 Whiteman Street,Camden,NJ,8102,609-920-9287,sherriekerr23@gmail.com,12/28/1975
86,Felipe,Bartholomew,1497 Granville Lane,West Orange,NJ,7052,973-505-4535,felipe.f.bartholomew@samplemail.org,11/21/1964
87,Rosa,Davis,1153 Hill Croft Farm Road,Nevada City,CA,95959,530-470-4706,rosad911@yahoo.com,11/10/1966
88,Samantha,Bean,1585 Horner Street,Akron,OH,44307,330-958-1291,samantha@example.net,9/27/1992
89,Jean,Cox,1227 Amethyst Drive,East Lansing,MI,48823,517-351-4799,jean.cox@springfield.edu,1/21/1971
90,Hai,Joy,552 Pennsylvania Avenue,Fords,NJ,8863,732-346-9888,haijoy@yahoo.com,9/3/1964
91,Barbara,Rojas,2482 Water Street,San Francisco,CA,94103,925-270-3385,brojas33@gmail.com,8/18/1977
92,Michelle,Stepp,4451 Radford Street,Louisville,KY,40291,502-231-3678,michelle.g.stepp@samplemail.org,2/15/1976
93,Michelle,Summers,449 Fort Street,Greenville,NC,27834,252-924-6031,michelle@example.net,5/15/1979
94,Winston,Malmberg,4127 Harry Place,Belmont,NC,28012,704-825-2733,winston.r.malmberg@samplemail.org,11/13/1999
95,Randy,Baker,918 Arbutus Drive,Fort Lauderdale,FL,33301,305-917-3771,randybaker@yahoo.com,3/8/1980
96,Edmund,Richardson,3644 Freedom Lane,Stockton,CA,95202,209-461-6316,edmundr523@yahoo.com,8/27/1979
97,Verna,Lamphear,3736 Rhode Island Avenue,Washington,DC,20005,202-336-7736,verna4@example.net,9/21/1964
98,Courtney,Patrick,2196 Lake Forest Drive,Kansas City,KS,64108,913-963-9157,courtneypatrick88@gmail.com,4/21/1986
99,Barbara,Place,3235 Hiney Road,Las Vegas,NV,89109,702-264-2740,barbaraplace60@gmail.com,12/26/1983
100,Amelia,Woody,4080 Walton Street,Orem,UT,84058,801-431-3646,amelia.j.woody@samplemail.org,3/17/1957
101,Loni,Gaddis,2724 Rhode Island Avenue,Washington,DC,20200,202-372-3881,lgaddis300@gmail.com,11/17/1984
102,Craig,Obrien,497 Lake Forest Drive,Kansas City,KS,66215,913-895-4117,craigo2@springfield.edu,8/24/1959
103,Karen,Mendoza,3132 Parker Drive,Cleveland,OH,44114,216-577-8353,karen.mendoza@springfield.edu,4/29/1977
104,Howard,Tillman,2867 Trainer Avenue,Alpha,IL,61413,309-529-8307,howard.tillman@springfield.edu,11/11/1997
105,Mable,Smith,3058 Green Street,Nashville,TN,37210,615-575-5905,mables8@springfield.edu,3/1/1964
106,Quincy,White,4733 Ash Avenue,Saint Louis,MO,63108,314-830-6438,quincyw554@yahoo.com,4/30/1990
107,Katina,Robinson,4453 Highland View Drive,Sacramento,CA,95815,916-648-6139,katina11@example.net,2/28/1979
108,Ronald,Furtado,2819 Lochmere Lane,New London,CT,6320,860-444-7224,ronaldf711@yahoo.com,1/6/1974
109,Greg,Breault,2000 Deans Lane,West Nyack,NY,10994,914-815-2263,greg5@example.net,12/28/1965
110,Edward,Lloyd,4345 Coal Road,Scranton,PA,18503,570-656-1088,edwardl523@yahoo.com,9/10/1997
111,Alma,Brunson,2900 Mount Tabor,La Grange (dutchess),NY,12540,914-466-4186,alma.m.brunson@samplemail.org,12/19/1956
112,George,Hassler,2923 Tori Lane,West Valley City,UT,84119,801-606-4591,george.j.hassler@samplemail.org,3/24/1969
113,Willie,Washburn,2196 Watson Lane,Charlotte,NC,28202,828-970-4732,willie.washburn@springfield.edu,12/19/1977
114,Jennifer,Mccane,1296 Grey Fox Farm Road,Houston,TX,77063,281-734-7570,jennifer.mccane@springfield.edu,11/16/1969
115,Maureen,Yarborough,13 Sheila Lane,Reno,NV,89501,775-546-8082,maureen9@example.net,4/12/1963
116,Iva,Wiggins,1865 Cunningham Court,Troy,MI,48098,248-641-9255,ivaw722@yahoo.com,4/1/1962
117,Donald,Tatum,1745 Sumner Street,Rancho Dominguez,CA,90220,310-661-6865,donald9@example.net,10/20/1976
118,Fred,White,792 Daylene Drive,Southfield,MI,48075,734-573-6795,fredw5@springfield.edu,5/6/1997
119,Richard,Gaston,462 Rockford Road,Charlestown,MA,2129,774-907-5917,richardgaston8@gmail.com,7/30/1968
120,Steven,Murphy,1446 Church Street,New York,NY,10013,718-415-6796,stevenm9@springfield.edu,3/16/1960
121,Santos,Logue,4434 Elk Street,Los Angeles,CA,90017,949-666-7233,santosl428@yahoo.com,11/16/1992
122,Edwin,Early,4109 Mapleview Drive,Tarpon Springs,FL,34689,727-938-5267,edwine10@springfield.edu,5/21/1989
123,David,Moses,1508 Olive Street,Toledo,OH,43602,419-343-1036,david3@example.net,4/3/1975
124,Louis,Dunn,2791 Hiddenview Drive,Philadelphia,PA,19107,215-973-6849,ldunn355@gmail.com,11/10/1983
125,Brian,Robertson,1877 B Street,Eagan,MN,55121,651-442-4679,brianrobertson@yahoo.com,1/26/1965
126,Kristin,Merchant,1148 Seth Street,San Saba,TX,76877,325-372-2630,kmerchant195@gmail.com,11/17/1964
127,Darrin,Connell,3394 Pinnickinick Street,Washougal,WA,98671,360-835-6900,darrin8@example.net,3/11/1977
128,Micha,Smith,4450 Small Street,New York,NY,10029,212-860-1907,msmith804@gmail.com,4/19/1976
129,Mitchell,Blake,1471 Huntz Lane,Worcester,MA,1608,978-596-3699,mitchell6@example.net,1/16/1990
130,Erick,Russell,3109 Kemper Lane,Salt Lake City,UT,84104,801-856-2059,erick11@example.net,8/19/1978
131,Hector,Casson,4628 Jarvis Street,Buffalo,NY,14214,716-837-9441,hector@example.net,7/6/1987
132,Bonnie,Snyder,1651 Emily Renzelli Boulevard,Hollister,CA,95023,831-638-1208,bonnie.snyder@springfield.edu,5/17/1969
133,Danny,Sheppard,2184 Dogwood Lane,Tucson,AZ,85742,520-579-2272,dannys870@yahoo.com,9/30/1980
134,May,Lemire,3903 Parkview Drive,Houston,TX,77063,713-975-3368,may@example.net,4/4/1976
135,Francisca,Brock,1844 Chenoweth Drive,Monterey,TN,38574,931-644-0141,francisca@example.net,2/5/1991
136,Robert,Graham,1799 Hillcrest Drive,Seattle,WA,98109,253-416-0069,robert9@example.net,8/18/1997
137,Mary,Lawson,367 Fancher Drive,Lewisville,TX,75067,214-221-6488,maryl269@yahoo.com,9/19/1963
138,Jessica,Holmes,903 Poplar Street,Chicago,IL,60606,708-686-6575,jessicaholmes27@gmail.com,6/22/1963
139,Charles,Shreffler,2994 Spruce Drive,Pittsburgh,PA,15219,724-951-3976,charless10@springfield.edu,10/17/1976
140,Michael,Barker,3939 Crestview Terrace,Del Rio,TX,78840,830-703-1057,michaelbarker27@gmail.com,4/24/1955
141,Dona,Oceguera,2752 Cambridge Place,Odenton,MD,21113,410-551-3171,doceguera986@gmail.com,12/21/1978
142,Casey,Montalvo,4295 Rebecca Street,Chicago,IL,60607,847-715-2538,casey1981@example.net,10/19/1986
143,John,Mitchell,3138 Holden Street,San Diego,CA,92103,619-270-6012,johnm329@yahoo.com,12/17/1998
144,Jerry,Reed,1498 Clarksburg Park Road,Phoenix,AZ,85012,928-416-6795,jerryr3@springfield.edu,1/22/1987
145,Michael,Seymour,1445 Tetrick Road,Fort Myers,FL,33901,863-228-0938,michael.m.seymour@samplemail.org,10/17/1987
146,Marty,Curiel,4649 Ashford Drive,Alexandria,VA,22312,703-658-7813,marty.curiel@springfield.edu,6/9/1983
147,Kristan,Thomas,1227 Losh Lane,Pittsburgh,PA,15201,412-685-5477,kristan4@example.net,12/29/1958
148,Michael,Winston,3116 Woodhill Avenue,Cockeysville,MD,21030,410-785-5913,michael@example.net,12/8/1967
149,Robert,Caldwell,1393 Mill Street,Auburndale,FL,33823,863-968-9802,robertcaldwell58@gmail.com,6/4/1997
150,Delia,Garcia,816 Perry Street,Detroit,MI,48226,810-627-5135,delia.j.garcia@samplemail.org,8/22/1978
151,Casey,Lockwood,2468 Cessna Drive,Fort Wayne,IN,46802,260-366-5733,casey@example.net,12/3/1988
152,Lester,Betts,3770 Swick Hill Street,Columbus,TX,78934,979-942-1137,lesterbetts75@gmail.com,10/11/1965
153,Charles,Hawkins,1386 Woodlawn Drive,Milwaukee,WI,53207,414-769-8919,charles54@example.net,5/28/1959
154,Betsy,Pascual,3529 Village View Drive,Mount Airy,MD,21771,240-231-0835,betsyp131@yahoo.com,3/23/1991
155,Glen,Thomas,300 Richards Avenue,La Grange,CA,95329,209-853-7012,glent9@springfield.edu,8/24/1993
156,Melanie,Malcom,704 Norman Street,Los Angeles,CA,90017,323-313-9350,melaniem353@yahoo.com,11/26/1991
157,Athena,Starnes,781 Lyon Avenue,Worcester,MA,1608,508-927-4861,astarnes584@gmail.com,2/29/1984
158,John,Hatch,3129 Pick Street,Centennial,CO,80112,970-534-4192,john.c.hatch@samplemail.org,2/16/1985
159,James,Butler,1004 Long Street,Gainesville,FL,32601,352-282-3138,james.butler@springfield.edu,6/11/1999
160,Michael,Stephens,4493 Star Trek Drive,Youngstown,FL,32466,850-326-6798,michaels262@yahoo.com,4/10/1968
161,Albert,Hubbell,4930 Shinn Avenue,Crafton,PA,15205,724-554-6482,albert@example.net,8/22/1965
162,Cathy,Howell,121 Gnatty Creek Road,Westbury,NY,11590,516-334-9859,cathyh7@springfield.edu,11/24/1976
163,Jean,Zendejas,310 Braxton Street,Braidwood,IL,60408,815-458-5781,jean@example.net,5/11/1985
164,Fiona,Sparkman,1256 Colonial Drive,Houston,TX,77024,979-667-0715,fionasparkman@yahoo.com,10/28/1973
165,Robert,Jackson,4262 Bond Street,Providence,RI,2905,401-831-4846,robert6@example.net,9/18/1963
166,Jerry,Eckstein,4217 Court Street,Union,MO,63084,636-583-9247,jeckstein924@gmail.com,3/10/1957
167,Barbara,Hickman,4596 Birch  Street,El Paso,TX,79915,915-599-0108,barbara.hickman@springfield.edu,10/21/1963
168,Jesse,Schmidt,624 Whitetail Lane,Dallas,TX,75234,469-235-4322,jesse.r.schmidt@samplemail.org,9/11/1991
169,Carl,Berger,1292 Pratt Avenue,Kirkland,WA,98034,360-913-3310,carlb3@springfield.edu,5/26/1986
170,Rayna,Clement,3090 Worley Avenue,South Boston,VA,24592,434-470-7975,rayna7@example.net,8/13/1959
171,Angie,Nation,1239 Poling Farm Road,Tekamah,NE,68061,402-374-3916,angien582@yahoo.com,11/11/1996
172,Lori,Martin,1 Deer Haven Drive,Greenville,SC,29611,864-295-4970,lorimartin51@gmail.com,8/15/1971
173,Danny,Crews,669 Stonecoal Road,Toledo,OH,43604,419-541-7732,danny7@example.net,1/27/1957
174,Leeann,Apple,1502 Randolph Street,Plymouth,MA,2360,508-746-4789,leeanna12@springfield.edu,9/25/1996
175,Mark,Perez,2549 Alexander Avenue,Concord,CA,94520,925-603-8440,mark.perez@springfield.edu,10/6/1962
176,Michael,Kurtz,3414 Filbert Street,Northampton,PA,18067,610-823-5779,michaelk738@yahoo.com,6/19/1955
177,Rogelio,Thompson,1158 Walnut Drive,Fargo,ND,58104,701-364-1704,rogeliothompson31@gmail.com,8/22/1996
178,Jonathan,Mckinney,4405 Mesa Drive,Las Vegas,NV,89101,702-327-0585,jonathanmckinney71@gmail.com,6/28/1997
179,Regina,Roy,4003 Boone Street,Corpus Christi,TX,78473,361-232-0572,regina@example.net,6/30/1992
180,Marie,Collins,1549 Thorn Street,Osage,WY,82723,307-465-3140,marie10@example.net,11/15/1954
181,Geraldine,Silvester,545 Kelly Drive,Moundsville,WV,26041,304-845-4172,geraldines11@springfield.edu,11/15/1985
182,Cynthia,Sikes,4758 Waldeck Street,Fort Worth,TX,76116,817-448-2462,cynthia.a.sikes@samplemail.org,11/3/1963
183,Carolyn,Packard,880 Carolyns Circle,Frisco,TX,75035,214-702-2068,carolyn.packard@springfield.edu,11/10/1981
184,Jerome,Foster,3704 Little Street,Youngstown,OH,44512,330-565-6701,jerome9@example.net,6/1/1981
185,Teresa,Mingle,4862 Point Street,Bensenville,IL,60106,773-887-2071,teresamingle52@gmail.com,10/4/1993
186,Muriel,Eaton,3726 Grant View Drive,Milwaukee,WI,53202,414-390-9615,muriel.s.eaton@samplemail.org,7/15/1977
187,Robert,Martin,4034 Turnpike Drive,Sheffield,AL,35660,256-386-1351,robertm4@springfield.edu,8/25/1969
188,Maria,Erickson,3878 Williams Lane,Wichita,KS,67214,316-519-4982,maria.r.erickson@samplemail.org,2/18/1976
189,Lillian,Rea,4235 Williams Mine Road,Newark,NJ,7102,908-271-5768,lrea946@gmail.com,11/28/1974
190,Cristina,Murray,2068 Langtown Road,Burr Oak,IA,52131,563-735-3217,cristina@example.net,8/3/1993
191,Lessie,Matthews,2388 Oakridge Farm Lane,Waukesha,WI,53188,262-343-0039,lmatthews588@gmail.com,11/16/1959
192,Marlene,Griffin,4087 Michigan Avenue,West Sunbury,PA,16061,724-637-0022,marlene.o.griffin@samplemail.org,4/3/1960
193,Anglea,Sandoval,4666 Heliport Loop,Leavenworth,IN,47137,812-739-8026,angleas714@yahoo.com,1/15/1992
194,Herman,Altman,2749 Oak Street,Newark,NY,14513,315-359-7388,hermana468@yahoo.com,8/2/1955
195,Robert,Gibbs,4224 North Street,Charlottesville,VA,22903,434-970-2816,robertgibbs96@gmail.com,12/31/1959
196,Myra,Clinton,1892 Ripple Street,Saginaw,MI,48607,989-758-0207,myrac11@springfield.edu,2/15/1990
197,Tamara,Brown,1930 Thomas Street,Wood Dale,IL,60191,847-512-7548,tamarab9@springfield.edu,2/29/1972
198,Isabel,Ray,222 Brooklyn Street,Eugene,OR,97408,541-220-9175,isabelray51@gmail.com,4/14/1990
199,Kenton,Hawkins,3036 Lunetta Street,Tampa,FL,33607,941-230-5857,kentonh10@springfield.edu,11/12/1964
200,Thelma,Reese,969 Saint Francis Way,Philadelphia,PA,19108,267-244-0909,thelmar191@yahoo.com,5/1/1997
201,Edward,Foster,2956 Mandan Road,Steelville,MO,65565,573-775-5533,edwardf10@springfield.edu,9/26/1976
202,Imelda,Walker,21 Mcwhorter Road,Jackson,MS,39201,662-485-3526,imelda.walker@springfield.edu,9/19/1960
203,Vanessa,Baker,4311 Mapleview Drive,Tampa,FL,33610,727-992-5295,vanessab8@springfield.edu,5/4/1991
204,Brandi,Moore,736 Sussex Court,Waco,TX,76701,254-393-7013,brandi10@example.net,4/25/1960
205,Dayna,Real,1108 Grant Street,Sherman,TX,75090,903-892-8660,daynar12@springfield.edu,6/13/1973
206,Ron,Howard,2659 Robinson Court,Saginaw,MI,48607,989-388-4347,ronh11@springfield.edu,4/13/1972
207,George,Oleary,1054 Turkey Pen Road,New York,NY,10038,917-258-8206,georgeo219@yahoo.com,4/26/1999
208,Alice,Johnstone,4091 Northwest Boulevard,Hackensack,NJ,7601,201-956-2011,alice.m.johnstone@samplemail.org,10/3/1966
209,Russell,Anderson,724 Joy Lane,Los Angeles,CA,90017,818-574-0678,russella11@springfield.edu,7/9/1981
210,Horace,Malinowski,2013 Farnum Road,New York,NY,10011,212-294-3157,horace5@example.net,10/26/1984
211,Charles,Brandon,1289 Godfrey Street,Portland,OR,97205,503-563-7905,charles.a.brandon@samplemail.org,2/20/1992
212,Jessie,Paul,2096 Blue Spruce Lane,Owings Mills,MD,21117,410-363-0564,jessie.j.paul@samplemail.org,12/12/1974
213,Ashley,Edwards,750 Honeysuckle Lane,Vancouver,WA,98686,360-574-3044,aedwards986@gmail.com,9/17/1965
214,Sheila,Gardner,1275 Marietta Street,Mare Island,CA,94592,707-562-2761,sheilag96@yahoo.com,12/14/1964
215,Robert,Jerkins,1307 Broadway Street,Charleston,SC,29405,843-824-5269,robertjerkins45@gmail.com,12/29/1966
216,Henry,Davis,4926 Center Street,The Dalles,OR,97058,541-978-6517,hdavis703@gmail.com,3/19/1961
217,Roy,Peters,1799 Leo Street,Denver,CO,80216,720-935-9212,roy.s.peters@samplemail.org,6/2/1980
218,Alexandria,Rodriguez,4432 Edgewood Road,Sheridan,AR,72150,870-917-1597,arodriguez146@gmail.com,9/11/1990
219,Clyde,Parton,820 Timbercrest Road,Council,AK,99778,907-665-8220,clydeparton@yahoo.com,6/30/1998
220,Shawn,Mckenna,3881 Highland View Drive,Loomis,CA,95650,916-660-4800,shawnm219@yahoo.com,7/28/1979
221,Anne,Dalton,206 Anmoore Road,Westbury,NY,11590,718-791-3220,adalton741@gmail.com,9/19/1978
222,Fannie,Beringer,3380 O Conner Street,Biloxi,MS,39531,228-594-4719,fannieberinger99@gmail.com,1/26/1967
223,Kim,Lewis,2546 Edgewood Road,Little Rock,AR,72201,870-965-4855,kim@example.net,3/3/1974
224,Lee,Colvin,3162 Breezewood Court,Wichita,KS,67202,620-446-5849,lcolvin850@gmail.com,1/22/1983
225,Mae,Rodrigue,1732 Oakwood Circle,Pomona,CA,91766,949-331-1993,mae.a.rodrigue@samplemail.org,3/27/2000
226,Marion,Bascom,710 Seth Street,Ozona,TX,76943,325-392-6371,marionb11@springfield.edu,2/18/1983
227,Frank,Koenig,4182 Reynolds Alley,Irvine,CA,92614,562-331-4676,frankkoenig14@gmail.com,3/2/1992
228,Thomas,Magee,2376 Harvest Lane,Bakersfield,CA,93304,661-204-9335,thomasmagee@yahoo.com,7/18/1967
229,Jerry,Barnes,349 Kyle Street,Grand Island,NE,68801,308-550-8332,jerry78@example.net,4/17/1989
230,Willian,Mcintyre,3128 Edgewood Road,Fulton,AR,71838,870-896-3981,willian.mcintyre@springfield.edu,6/29/1980
231,Evan,Scheffer,428 Renwick Drive,Philadelphia,PA,19103,484-284-6028,evan.j.scheffer@samplemail.org,3/20/1982
232,Sarah,Garcia,3480 Reeves Street,Grand Chute,WI,54913,920-804-6142,sarahgarcia@yahoo.com,10/16/1961
233,Keith,Obrien,2940 Ottis Street,Minco,OK,73059,405-352-5808,keitho560@yahoo.com,11/8/1990
234,Jeannette,Cavender,108 Saint Francis Way,Brookfield,WI,53005,262-939-5782,jeannette.a.cavender@samplemail.org,6/11/1960
235,Bernice,Pollard,228 Veltri Drive,Anchorage,AK,99503,907-301-0159,bernice.j.pollard@samplemail.org,10/23/1977
236,Mildred,Alvarez,777 Henery Street,Leon,KS,67074,316-745-2937,mildreda153@yahoo.com,11/9/1977
237,Gladys,Jennings,234 Single Street,Boston,MA,2110,781-573-7869,gladys.l.jennings@samplemail.org,11/8/1973
238,Larry,Holmes,4435 Oakway Lane,Los Angeles,CA,90017,818-329-3091,larry@example.net,6/14/1959
239,Sherry,Zeller,4770 Lowndes Hill Park Road,Palmdale,CA,93552,661-533-5726,szeller923@gmail.com,12/4/1970
240,Janet,Taylor,3982 Small Street,New York,NY,10011,212-847-8730,janet.w.taylor@samplemail.org,12/31/1959
241,Teresa,Webster,4838 Platinum Drive,Scottdale,PA,15683,724-806-7996,teresa10@example.net,8/29/1973
242,Salvador,Cook,3392 Poling Farm Road,Wynot,NE,68792,402-357-0374,salvador6@example.net,10/15/1985
243,Karrie,Goldblatt,2710 Stone Lane,West Brunswick Twp,PA,19549,610-424-9626,karrieg7@springfield.edu,12/20/1992
244,Esther,Hughes,1145 Boring Lane,San Francisco,CA,94110,415-695-2145,estherh5@springfield.edu,10/1/1974
245,Tiffany,Heard,1046 Abia Martin Drive,Hicksville,NY,11612,631-465-6105,tiffanyheard69@gmail.com,11/29/1999
246,Viola,Pippin,1482 Hide A Way Road,San Jose,CA,95113,408-286-4809,vpippin254@gmail.com,5/21/1986
247,Clinton,Williams,4027 Dovetail Estates,Clinton,OK,73601,580-915-1998,clinton.williams@springfield.edu,1/26/1975
248,Michael,Kautz,1211 Kessla Way,Conway,SC,29527,843-397-7085,michael.e.kautz@samplemail.org,3/22/2000
249,Randall,Mccarthy,896 Stratford Drive,Honolulu,HI,96814,808-277-9113,randall.mccarthy@springfield.edu,2/11/1997
250,Clemente,Blake,2986 Glendale Avenue,Burbank,CA,91504,818-693-2151,clemente.m.blake@samplemail.org,6/2/1979
251,Percy,Hendricks,4784 Franklin Avenue,Corpus Christi,TX,78418,361-937-5191,percyhendricks53@gmail.com,8/20/1960
252,Marcella,Petrosky,887 Carriage Lane,Mansfield,OH,44907,567-443-9541,mpetrosky292@gmail.com,8/5/1976
253,Donna,Ragan,1851 Del Dew Drive,Mechanicsville,MD,20659,301-884-7047,donnar5@springfield.edu,2/23/1979
254,Bettina,Vanzandt,837 Conaway Street,Petersburg,IN,47567,812-407-4708,bvanzandt187@gmail.com,4/28/2000
255,Earl,Schuster,3243 Renwick Drive,Philadelphia,PA,19108,484-259-2196,earls10@springfield.edu,11/3/1982
256,Eleanor,Richmond,3024 Hannah Street,Hickory,NC,28601,828-315-8310,eleanor.richmond@springfield.edu,1/8/1986
257,Shirley,Franklin,4215 Lunetta Street,Wichita Falls,TX,76301,940-867-7689,shirleyf6@springfield.edu,10/31/1956
258,Ann,Potts,4316 Eagle Street,Belleville,IL,62220,618-385-9251,ann.m.potts@samplemail.org,1/4/1998
259,Frederick,Chapman,2159 Capitol Avenue,Eminence,IN,46125,765-528-6220,frederick@example.net,11/13/1970
260,Joe,Hernandez,3680 Doctors Drive,Hermosa Beach,CA,90254,310-372-1098,joehernandez85@gmail.com,4/6/1982
261,Adam,Miller,2895 Thompson Street,Long Beach,CA,90802,562-624-1336,adam.m.miller@samplemail.org,12/30/1988
262,Ronald,Walton,4295 Rockford Mountain Lane,Morrisville,NC,27560,919-991-8512,rwalton570@gmail.com,8/8/1976
263,Joseph,Scherer,1908 Emeral Dreams Drive,Dixon,IL,61021,815-288-6914,josephscherer@yahoo.com,7/6/1978
264,Elias,Montague,928 Hillview Street,Columbia,SC,29201,803-690-7274,elias@example.net,5/20/1957
265,Carolyn,Franklin,954 Elliot Avenue,Seattle,WA,98121,206-615-0926,cfranklin751@gmail.com,6/10/1980
266,Diana,Rivera,4720 Passaic Street,Little Ferry,NJ,7643,201-440-0981,dianar386@yahoo.com,8/7/1967
267,Bryon,Gasaway,708 Hillside Drive,West Roxbury,MA,2132,339-226-8094,bgasaway61@gmail.com,5/6/1997
268,Judson,Russell,1899 Heavner Avenue,Duluth,GA,30097,770-876-5275,judson@example.net,10/21/1971
269,Joseph,Horrocks,2933 Viking Drive,Sciotoville,OH,45662,740-776-0375,josephh9@yahoo.com,7/13/1988
270,Jessica,Wright,1268 Mahlon Street,Farmington Hills,MI,48335,734-215-7037,jessica99@example.net,9/25/1979
271,Matthew,Cain,1254 Bombardier Way,Southfield,MI,48235,734-864-6208,matthewc7@springfield.edu,6/14/1975
272,Victor,Stewart,4789 Melville Street,Yorkville,TN,38389,731-504-8416,victor.c.stewart@samplemail.org,10/26/1970
273,Robert,Mcdade,4596 Willison Street,Palm Springs,CA,92262,760-992-8505,rmcdade695@gmail.com,1/4/1975
274,Alfredo,Anderson,4349 Parkway Street,Los Angeles,CA,90017,760-309-6746,alfredoa8@springfield.edu,4/26/1982
275,Karen,Parks,4838 College Avenue,Harrison (twp) Montgomery,OH,45406,937-403-1662,karen.parks@springfield.edu,6/9/1964
276,Jeremy,Davis,2909 Crosswind Drive,Madisonville,KY,42431,270-916-5849,jdavis82@gmail.com,8/12/1984
277,Scott,Richardson,4103 Oakridge Farm Lane,Milwaukee,WI,53225,262-388-2112,srichardson863@gmail.com,9/17/1988
278,Julia,Hightower,3192 Charack Road,Terre Haute,IN,47807,812-242-7999,julia.r.hightower@samplemail.org,5/22/1972
279,Richard,Bell,1545 Melody Lane,Glen Allen,VA,23060,804-426-4450,richard@example.net,5/2/2000
280,Rebecca,Wilson,1037 Drainer Avenue,Jacksonville,FL,32202,850-555-7415,rebecca.wilson@springfield.edu,9/24/1967
281,Marguerite,Kearney,2631 Sugar Camp Road,Redwood Falls,MN,56283,507-640-4633,margueritek4@springfield.edu,7/8/1999
282,Ileana,Farina,4674 Kerry Way,Downey,CA,90241,562-861-0658,ileana@example.net,3/28/2000
283,Alma,Smith,556 Maud Street,Dagsboro,DE,19939,302-732-4224,almasmith@yahoo.com,3/12/1995
284,Elizabeth,Moya,4979 Angus Road,New York,NY,10004,212-458-1417,elizabeth7@example.net,4/23/1978
285,Joseph,Snavely,4746 Hall Place,Paris,TX,75460,903-782-1050,joseph.n.snavely@samplemail.org,8/23/1962
286,Suzette,Brooks,4543 Henery Street,Indianapolis,IN,46225,317-203-6034,suzette@example.net,6/10/1978
287,Scott,Stine,4823 Arlington Avenue,Jonesboro,AR,72401,870-268-0935,scottstine@yahoo.com,9/12/1998
288,Todd,High,2605 Coleman Avenue,La Quinta,CA,92253,760-771-5145,toddhigh64@gmail.com,12/3/1995
289,Mario,Mccarver,4665 Webster Street,Woodbridge,NJ,7095,732-602-0015,mariom4@springfield.edu,1/24/1994
290,Walter,Shealy,4736 Jefferson Street,Hampton,VA,23666,757-827-4341,walter@example.net,9/28/1974
291,Carlos,Garnett,3530 Godfrey Street,Oregon City,OR,97045,503-631-7028,carlosg524@yahoo.com,9/16/1991
292,Michael,Manning,1942 Hanover Street,Syosset,NY,11791,917-688-4200,mmanning946@gmail.com,6/20/1997
293,Lisa,James,4567 Lincoln Street,White Horse,NJ,8610,609-439-0637,lisaj9@springfield.edu,12/8/1991
294,Tamra,Young,1447 Perry Street,Westland,MI,48185,810-656-1620,tamray608@yahoo.com,1/18/1974
295,Steven,Menendez,87 Tully Street,Detroit,MI,48226,313-657-7066,steven.d.menendez@samplemail.org,8/24/1975
296,Celia,Brooks,425 Heavner Avenue,Smyrna,GA,30080,770-801-0852,celia4@example.net,8/8/1961
297,Stephan,Fierro,3809 Hillhaven Drive,Hollywood,CA,90028,323-860-1452,stephanfierro@yahoo.com,5/21/1986
298,James,Wilson,2129 Pearlman Avenue,Bedford,MA,1730,978-237-4629,james.wilson@springfield.edu,1/7/1981
299,Addie,Hoffman,3339 Parkway Drive,Tucson,AZ,85704,520-531-0740,addie.j.hoffman@samplemail.org,10/18/1994
300,Salvador,Brooks,4846 Clair Street,Cranfills Gap,TX,76637,254-597-5760,salvadorbrooks@yahoo.com,5/18/2000
301,Robert,Fleming,694 Romrog Way,Grand Island,NE,68801,308-340-0679,robertfleming4@gmail.com,5/12/2000
302,Diana,Perry,2721 Jessie Street,Westerville,OH,43081,740-619-0842,diana12@example.net,9/18/1958
303,Dusty,Tally,359 Bolman Court,Mattoon,IL,61938,217-294-1895,dustyt5@springfield.edu,10/27/1973
304,Robert,Coleman,3072 Flinderation Road,Chicago,IL,60605,708-294-9218,robertcoleman92@gmail.com,7/6/1973
305,Diane,Frank,3993 Deer Ridge Drive,Jersey City,NJ,7305,973-544-7183,dianefrank@yahoo.com,3/15/1993
306,Robert,Burton,1571 Honeysuckle Lane,Seattle,WA,98122,360-555-2127,robertb653@yahoo.com,3/18/1984
307,Paul,Harris,2384 Bell Street,New York,NY,10007,212-236-3313,paul13@example.net,9/2/1963
308,Larry,Landis,3634 Lyndon Street,Philadelphia,PA,19103,610-784-4589,larryl9@springfield.edu,2/16/1997
309,Allyson,Talavera,4436 Walnut Avenue,Boise,ID,83716,208-794-1798,allyson@example.net,4/17/1958
310,Esther,Culver,75 Cody Ridge Road,Grandfield,OK,73546,580-479-5235,esther@example.net,9/21/1987
311,Catherine,Bush,3298 Broaddus Avenue,Paducah,KY,42001,270-280-1542,catherine4@example.net,6/1/1980
312,Linda,Cabe,4470 Little Acres Lane,Mattoon,IL,61938,217-957-6759,linda.k.cabe@samplemail.org,7/21/1965
313,Sherry,Morrison,1094 Summit Park Avenue,Southfield,MI,48076,248-967-6315,sherry.w.morrison@samplemail.org,11/2/1998
314,Mary,Brice,1223 Calvin Street,Hanover,MD,21076,443-414-9639,mary.e.brice@samplemail.org,8/19/1967
315,Clarence,Annunziata,3238 Colonial Drive,Houston,TX,77032,979-709-2788,clarenceannunziata21@gmail.com,9/30/1985
316,Claude,Greenwell,2273 Kelley Road,Gulfport,MS,39503,228-328-4509,claudegreenwell@yahoo.com,6/24/1981
317,Michael,Welch,620 Flanigan Oaks Drive,Capitol Heights,MD,20027,301-336-5478,michaelwelch@yahoo.com,3/5/1967
318,Lillian,Landreth,3910 Sycamore Street,San Jose,CA,95113,408-975-3226,lillian.b.landreth@samplemail.org,2/25/1965
319,Diane,Castellanos,1320 Michigan Avenue,Waynesburg,PA,15370,724-627-7053,diane13@example.net,3/19/1974
320,Diane,Martinez,401 Beechwood Drive,Pittsburgh,PA,15203,412-265-6519,diane6@example.net,8/29/1992
321,Angelo,Reed,910 West Drive,Chicago,IL,60606,312-556-4948,angelo@example.net,2/20/1965
322,Doris,Streeter,1513 North Street,Stanardsville,VA,22973,434-992-4887,doris12@example.net,6/7/1983
323,Lois,Heinz,267 Lawman Avenue,Washington,VA,20004,703-272-5398,lheinz824@gmail.com,12/8/1955
324,Janet,Lang,2216 Freed Drive,Stockton,CA,95219,209-743-8184,janetl291@yahoo.com,4/1/1988
325,Lois,Zimmerman,758 Alexander Drive,Wichita Falls,TX,76301,940-403-7814,lzimmerman674@gmail.com,1/1/1994
326,Lettie,Caswell,3444 Brown Avenue,Greenville,SC,29601,864-975-4745,lettie.caswell@springfield.edu,10/19/1993
327,Ramon,Wedding,3905 Sunny Day Drive,Los Angeles,CA,90071,714-851-0930,ramon@example.net,6/24/1980
328,Gabriel,Decker,4355 Nuzum Court,Getzville,NY,14068,716-564-4306,gabriel.l.decker@samplemail.org,5/14/1970
329,Daryl,Martinez,768 Masonic Drive,Glasgow,MT,59230,406-650-4179,darylmartinez@yahoo.com,9/12/1990
330,Brian,Stallworth,2849 Oliver Street,Arlington,TX,76010,817-317-9625,brian.stallworth@springfield.edu,5/27/1996
331,Mike,Moss,705 Emily Drive,Elloree,SC,29047,803-897-4028,mike@example.net,5/9/1988
332,Mark,Rupert,4856 Alpha Avenue,Athens,TX,75751,903-992-0707,markrupert99@gmail.com,5/21/1992
333,Daniel,Huffman,3316 Bungalow Road,Omaha,NE,68136,402-896-8262,dhuffman723@gmail.com,11/30/1980
334,Cheyenne,Taylor,908 Lyndon Street,West Chester,PA,19382,610-701-5417,ctaylor526@gmail.com,11/20/1974
335,Kathleen,Brooks,349 Buck Drive,Brattleboro,VT,5301,802-213-6533,kathleen.j.brooks@samplemail.org,7/6/1961
336,Isabelle,Compton,1993 Zappia Drive,Lexington,KY,40507,859-401-9221,isabelle@example.net,5/24/1985
337,Marco,Smith,2584 Scenic Way,Springfield,IL,62701,217-744-0442,marcos167@yahoo.com,9/10/1980
338,Jerry,Mckelvy,3670 Ingram Street,Dayton,OH,45402,937-530-2595,jerry@example.net,6/12/1957
339,Jaime,East,309 Hilltop Haven Drive,Vernon,NJ,7462,973-864-9889,jaimee10@springfield.edu,7/27/1988
340,Ralph,Clark,45 Tator Patch Road,Hickory Hills,IL,60457,312-848-0936,ralphclark@yahoo.com,1/7/1961
341,Mary,Ashley,3059 Timber Oak Drive,Lubbock,TX,79414,806-239-9908,mary@example.net,10/9/1956
342,Gay,Davis,4741 Irving Road,Newport (washington),OH,45768,740-473-9121,gayd151@yahoo.com,11/9/1968
343,Thomas,Casados,477 Leverton Cove Road,Springfield,MA,1103,413-315-2209,thomasc11@springfield.edu,6/3/1962
344,June,Peters,2131 Rhapsody Street,Ocala,FL,34471,352-295-3231,junep5@springfield.edu,10/20/1964
345,Margret,Berkowitz,4224 Bruce Street,Saint Louis,MO,63130,314-290-8637,margret11@example.net,9/14/1989
346,James,Riggins,4142 Duffy Street,Gary,IN,46402,219-883-6130,james.riggins@springfield.edu,5/4/1998
347,Lisa,Wade,4804 Bingamon Road,Cleveland,OH,44115,440-492-6762,lisa@example.net,8/16/1969
348,Willie,Davis,2989 Brown Avenue,Grover,SC,28073,864-936-6934,williedavis15@gmail.com,8/30/1966
349,Sheron,Rasmussen,4909 Pine Garden Lane,Atlanta,GA,30303,770-746-5300,sheronrasmussen30@gmail.com,1/24/1961
350,Rebecca,Zeiger,370 Maple Court,Sikeston,MO,63801,573-361-3496,rzeiger175@gmail.com,3/21/1996
351,Angela,Tucker,2184 Hillcrest Avenue,Brockton,MA,2401,781-857-9220,angela.tucker@springfield.edu,12/17/1993
352,Rae,Phillip,2196 Cherry Ridge Drive,Friendship,NY,14739,585-973-3124,rae.phillip@springfield.edu,3/16/1969
353,Katherine,Rigdon,1417 Oliver Street,Acton,TX,76050,817-326-3174,katherinerigdon85@gmail.com,11/6/1981
354,Stacey,Dick,185 Burton Avenue,Memphis,TN,38110,901-626-7408,stacey.l.dick@samplemail.org,4/21/1969
355,Erick,Johnson,961 Farland Avenue,Victoria,TX,77901,830-458-2294,erickj7@springfield.edu,12/19/1999
356,Lucille,Johnston,1037 Romrog Way,Grand Island,NE,68801,308-214-9512,lucille.johnston@springfield.edu,12/23/1966
357,Dennis,Cochran,1373 Worley Avenue,South Boston,VA,24592,434-471-0109,dennis7@example.net,10/26/1979
358,Anthony,Swift,3905 Millbrook Road,Westchester,IL,60154,630-838-1196,anthonys5@springfield.edu,11/23/1956
359,Naomi,Merced,1851 Dark Hollow Road,La Valle,WI,53941,608-985-1724,naomi@example.net,6/29/1970
360,Rose,Tavares,4382 Hide A Way Road,San Jose,CA,95113,408-275-9277,roset118@yahoo.com,6/9/1958
361,Steven,Foster,2141 Brown Avenue,Knoxville,TN,37921,865-235-7705,stevenfoster90@gmail.com,5/24/1987
362,Gerald,Dwyer,2069 Michael Street,Houston,TX,77074,713-776-3065,gerald.b.dwyer@samplemail.org,11/24/1969
363,Nona,Davie,1101 Burnside Avenue,Corinne,UT,84307,435-744-2874,nona@example.net,12/21/1981
364,Louis,Becker,1985 Bartlett Avenue,Royal Oak,MI,48067,248-544-8146,louis7@example.net,2/6/1998
365,Jay,Smith,3354 Callison Lane,Philadelphia,PA,19103,302-566-1534,jays788@yahoo.com,5/4/1996
366,Frank,Kuykendall,3426 Hart Street,West Hartford,CT,6107,860-313-1286,frank.l.kuykendall@samplemail.org,3/30/1973
367,Linda,Landy,4040 Eden Drive,Glen Allen,VA,23060,804-874-2780,linda@example.net,5/26/1964
368,Arthur,Fuller,1534 Upton Avenue,Westbrook,ME,4092,207-914-0041,arthur.p.fuller@samplemail.org,4/22/1962
369,Lyle,Grasser,4186 Carter Street,Blairsville (hamilton),IL,62859,618-757-0841,lyle.a.grasser@samplemail.org,8/2/1995
370,Charles,Hunt,386 Limer Street,Columbus,GA,31901,706-458-5139,charles.hunt@springfield.edu,1/10/1960
371,Carolyn,Spencer,276 Lightning Point Drive,Memphis,TN,38110,901-494-0300,carolyns6@springfield.edu,6/11/1998
372,Elizabeth,Langston,3005 Hamill Avenue,San Diego,CA,92103,858-428-0001,elizabeth.c.langston@samplemail.org,6/1/1977
373,Randall,Bentley,1038 Ryan Road,Canova,SD,57321,605-523-4249,randallbentley20@gmail.com,10/9/1987
374,Jeff,Albertson,757 Kelly Drive,Spencer,WV,25276,304-927-3256,jalbertson480@gmail.com,8/21/1983
375,Curt,Eisenhauer,3119 Heliport Loop,Spurgeon,IN,47584,812-721-1515,curt11@example.net,9/30/1962
376,Annie,Bautista,3111 Dogwood Lane,Tucson,AZ,85711,520-571-8801,annie.l.bautista@samplemail.org,12/6/1999
377,Frank,Price,3738 Reeves Street,Appleton,WI,54911,920-809-8603,frank.price@springfield.edu,9/27/1990
378,Alma,Rector,2564 Diamond Street,Boone,NC,28607,828-457-8285,almarector8@gmail.com,5/22/1980
379,Shannon,Seidl,4489 Flanigan Oaks Drive,Waldorf,MD,20601,301-396-8137,shannon.j.seidl@samplemail.org,1/12/1963
380,Billy,Denton,2701 Simpson Square,Marlow,OK,73055,580-658-3272,billyd4@springfield.edu,2/27/1958
381,Jayne,Harper,2607 Spruce Drive,Pittsburgh,PA,15212,724-973-6660,jayneh3@springfield.edu,11/8/1993
382,Gloria,Page,3566 Ray Court,Wilmington,NC,28412,910-294-8239,gloriap7@springfield.edu,10/11/1961
383,Christine,Brown,2248 Lyndon Street,Philadelphia,PA,19108,610-707-2664,cbrown129@gmail.com,7/25/1977
384,Jimmie,Odom,1892 Deer Haven Drive,Greenville,SC,29601,864-354-2043,jimmie.odom@springfield.edu,1/17/1970
385,Jessica,Bastien,786 Reynolds Alley,La Habra,CA,90631,562-266-0611,jessica@example.net,5/18/1978
386,Trent,Rangel,953 Rosebud Avenue,West Memphis,AR,72301,870-400-2482,trangel16@gmail.com,4/24/1995
387,Amanda,Vines,4203 Southern Street,New York,NY,10013,516-600-4620,amandav3@springfield.edu,10/8/1974
388,Christopher,Cannon,4961 Bond Street,West Warwick,RI,2893,401-823-1886,christopherc5@springfield.edu,5/15/1989
389,Migdalia,Sykora,3491 Cityview Drive,Coatesville,PA,19320,610-466-6519,migdaliasykora31@gmail.com,4/11/1986
390,Marla,Dahl,792 Turkey Pen Road,New York,NY,10016,917-283-0518,mdahl856@gmail.com,5/19/1957
391,Jerry,Barrie,1089 Glen Falls Road,Philadelphia,PA,19123,215-866-2568,jbarrie938@gmail.com,5/25/1959
392,Jenny,Shrader,4059 Simpson Square,Marlow,OK,73055,580-658-1325,jennys2@springfield.edu,10/9/1960
393,Armando,King,2643 Rollins Road,Grand Island,NE,68801,308-947-3249,armando.king@springfield.edu,6/16/1998
394,Kasey,Snyder,4003 Briarwood Drive,Camden,NJ,8102,856-522-1549,kasey@example.net,12/14/1961
395,Rogelio,Schroeder,2553 Earnhardt Drive,Louisville,KY,40202,502-688-3594,rogelio@example.net,6/3/1995
396,Lee,Fryar,2048 Beeghley Street,Waco,TX,76706,254-913-6688,lfryar120@gmail.com,7/1/1963
397,Grace,Mcmahon,3628 Washburn Street,Baton Rouge,LA,70806,225-341-5909,gracemcmahon@yahoo.com,1/17/1957
398,Madeleine,Northcutt,2854 Feathers Hooves Drive,Bethpage,NY,11714,631-608-7260,madeleine.northcutt@springfield.edu,3/2/1984
399,Kimberly,White,1677 Sherman Street,Chapman,KS,67431,785-922-1547,kimberlywhite8@gmail.com,11/24/1978
400,Martha,Santacruz,843 Berry Street,Sheridan Lake,CO,81071,719-739-6143,marthas378@yahoo.com,8/7/1991
401,Carol,Moon,3725 Woodstock Drive,Pomona,CA,91766,626-509-2122,carolm7@springfield.edu,2/5/1989
402,Christine,Sipes,4974 Blane Street,Saint Louis,MO,63141,314-576-7899,christines370@yahoo.com,9/9/1982
403,Mark,Tse,875 Bridge Avenue,Lafayette,LA,70501,337-793-7290,mark.r.tse@samplemail.org,9/15/1963
404,Otis,Hefley,4579 Eagle Street,Carterville,IL,62918,618-353-9636,otis.hefley@springfield.edu,6/10/1974
405,Lisa,Aiken,4462 My Drive,New York,NY,10013,347-289-5124,lisaa3@springfield.edu,1/6/1992
406,Patricia,Brickley,489 Jessie Street,Westerville,OH,43081,740-561-0226,patricia.e.brickley@samplemail.org,5/17/1956
407,Kristie,Keim,1358 Maple Court,Cape Girardeau,MO,63701,573-332-7378,kristie.keim@springfield.edu,1/19/1990
408,Amber,Hale,1463 Terra Street,Seattle,WA,98101,360-306-5269,ahale285@gmail.com,11/25/1982
409,Shirley,Garcia,2126 American Drive,Marlton,NJ,8053,856-271-4849,shirleyg444@yahoo.com,6/22/1959
410,Ashlee,Updike,219 Arbutus Drive,Miami,FL,33141,305-868-1611,ashleeu670@yahoo.com,11/26/1972
411,Sarah,Bolden,2653 Drainer Avenue,Tallahassee,FL,32303,850-562-1670,sarahb9@springfield.edu,6/20/1984
412,Christine,Cameron,911 Ward Road,El Paso,TX,79912,915-203-5212,christinecameron@yahoo.com,4/19/1966
413,Frances,Gomez,2265 Sheila Lane,Reno,NV,89501,775-458-2149,francesg10@springfield.edu,10/18/1968
414,Wade,Giambrone,4140 Armbrester Drive,Wilmington,CA,90744,310-513-8166,wgiambrone11@gmail.com,7/2/1958
415,Peter,Deane,3471 Cabell Avenue,Alexandria,VA,22304,703-567-1644,peterdeane51@gmail.com,1/16/1958
416,Manuel,Canchola,195 Whitetail Lane,Irving,TX,75060,469-429-2751,manuel@example.net,1/6/1969
417,Lena,White,99 Jadewood Drive,Chicago,IL,60631,224-388-6860,lenawhite57@gmail.com,1/25/1989
418,Earl,Gorden,3520 Shingleton Road,Grand Rapids,MI,49503,269-405-9055,earlgorden@yahoo.com,1/14/1962
419,Robert,Voorhees,1645 Glory Road,Nashville,TN,37201,931-807-9900,robertv4@springfield.edu,7/8/1980
420,Patricia,Davis,840 Brown Street,Walnut Creek,CA,94596,925-945-1349,patriciad10@springfield.edu,9/29/1992
421,Fred,Luman,3971 Heavner Court,Manhattan,NY,10016,516-278-4564,fred@example.net,11/27/1958
422,Jessie,Flint,3348 Airplane Avenue,Middletown,CT,6457,860-876-4350,jflint517@gmail.com,6/27/1996
423,Mary,Herzberg,3228 George Avenue,Mobile,AL,36602,251-434-1449,mherzberg490@gmail.com,3/4/1977
424,Wilma,Boyd,1338 Brighton Circle Road,Winsted,MN,55395,320-485-8439,wboyd776@gmail.com,2/8/1973
425,Karl,Deitz,4096 Fieldcrest Road,Huntington,NY,11743,631-918-9503,karldeitz57@gmail.com,7/13/1979
426,Lois,Richter,2651 Hanover Street,New York,NY,10016,917-730-1254,lois.t.richter@samplemail.org,5/30/1967
427,Sheila,Conroy,2215 Raccoon Run,Seattle,WA,98116,206-935-3756,sconroy840@gmail.com,9/1/1957
428,Wesley,Mann,1161 Wilkinson Court,Fort Myers,FL,33901,239-738-2857,wesley.mann@springfield.edu,12/5/1979
429,Adam,Stclair,1363 Zappia Drive,Lexington,KY,40507,859-377-1367,adams3@springfield.edu,7/12/1971
430,Erwin,Nunez,3815 Pickens Way,Cooper,TX,75432,903-395-4348,erwin.m.nunez@samplemail.org,12/8/1988
431,Sterling,Fernandez,3054 Walnut Street,Hattiesburg,MS,39401,601-569-4382,sterling@example.net,3/3/1972
432,Kimberly,Morton,4976 Lucy Lane,Chandler,IN,47610,812-470-5924,kimberlymorton@yahoo.com,11/1/1986
433,Yvonne,Walker,1976 Black Stallion Road,Fort Thomas,KY,41075,859-441-4293,yvonne@example.net,12/15/1991
434,William,Carlton,810 Linda Street,Philadelphia,PA,19108,267-729-9617,wcarlton929@gmail.com,1/8/1990
435,Pat,Maynard,3177 Mount Street,Auburn,MI,48611,989-662-4836,pat.maynard@springfield.edu,1/13/1962
436,Maria,Whittington,3908 Fancher Drive,Dallas,TX,75201,214-233-3826,mariawhittington83@gmail.com,11/21/1983
437,Maria,Dailey,3817 Heron Way,Portland,OR,97204,503-855-2336,mdailey547@gmail.com,10/20/1995
438,Vaughn,Quarles,310 Saint Francis Way,Madison,WI,53705,262-925-9698,vaughn.l.quarles@samplemail.org,10/19/1984
439,Brenda,Dukes,3638 Stutler Lane,Somerset,PA,15501,814-445-4840,brenda.d.dukes@samplemail.org,2/21/1983
440,Joan,Penn,1178 Saint Marys Avenue,Syracuse,NY,13202,315-805-2961,joanp9@springfield.edu,12/26/1979
441,Craig,Knapp,186 McKinley Avenue,Denver,CO,80203,303-800-5728,craig@example.net,10/20/1964
442,Jennifer,Cartagena,2541 Stutler Lane,State College,PA,16803,814-408-0772,jenniferc9@springfield.edu,4/10/1979
443,Rachel,Bevers,445 Viking Drive,Lancaster,OH,43130,740-689-9416,rachel.t.bevers@samplemail.org,6/4/1971
444,David,Legg,3328 Burke Street,Malden,MA,2148,781-306-1357,davidl9@springfield.edu,11/16/1987
445,Florene,Gallo,1139 Java Lane,Orangeburg,SC,29115,803-531-3597,floreneg656@yahoo.com,12/12/1977
446,Ruth,Rondeau,4677 Echo Lane,Grand Rapids,MI,49503,269-757-4930,ruth.j.rondeau@samplemail.org,4/11/1955
447,Amber,Parshall,2454 Trainer Avenue,Peoria,IL,61602,309-501-9714,amberp549@yahoo.com,10/11/1970
448,Michele,Herren,3297 Berry Street,Colorado Springs,CO,80904,719-641-0908,micheleherren89@gmail.com,12/22/1961
449,Thomas,Warren,3219 Old Dear Lane,Poughkeepsie,NY,12601,845-747-9211,twarren698@gmail.com,4/5/1979
450,Bradley,Leclair,3082 Mill Street,Anderson,SC,29621,864-260-2475,bradley@example.net,3/21/1955
451,Bernie,Weber,1365 Stoneybrook Road,Orlando,FL,32810,321-662-2755,bernie.a.weber@samplemail.org,12/2/1966
452,Kenneth,Embree,999 Earnhardt Drive,Louisville,KY,40299,502-645-2381,kenneth.d.embree@samplemail.org,7/8/1964
453,Kevin,Zavala,1118 Rhapsody Street,Gainesville,FL,32601,352-395-3634,kevin.m.zavala@samplemail.org,12/27/1998
454,Willie,Green,307 Radio Park Drive,Augusta,GA,30904,706-736-1586,willie.d.green@samplemail.org,4/18/1997
455,Dorothy,Porter,2679 Walkers Ridge Way,Northbrook,IL,60062,630-294-2830,dorothy8@example.net,8/9/1977
456,Ron,Baldwin,696 Whiteman Street,Camden,NJ,8102,609-979-4393,ron.baldwin@springfield.edu,11/4/1971
457,James,Barnett,142 Saints Alley,Tampa,FL,33610,813-629-4738,jamesb184@yahoo.com,6/5/1988
458,Thomas,Dion,2570 Williams Mine Road,Secaucus,NJ,7094,908-248-8354,thomas12@example.net,1/1/1974
459,David,Fife,3689 Wilson Avenue,Dallas,TX,75204,972-531-8303,davidfife56@gmail.com,8/4/1986
460,William,Mcneil,3380 Kerry Way,Pomona,CA,91766,562-781-2130,williamm11@springfield.edu,9/9/1988
461,Paul,Edwards,2305 Columbia Boulevard,Severna Park,MD,21146,410-421-6984,paul.d.edwards@samplemail.org,9/21/1966
462,Theresa,Shuford,188 Martha Ellen Drive,Alamo,NV,89001,775-725-1017,theresashuford8@gmail.com,8/8/1983
463,Joseph,Cox,2903 Midway Road,Rogers,AR,72756,479-616-0205,joseph6@example.net,6/1/1964
464,Joan,Keiser,732 Locust Court,Santa Fe Springs,CA,90670,562-440-5822,jkeiser47@gmail.com,5/5/1990
465,Mattie,Pompey,1734 Johnson Street,Chapel Hill,NC,27514,919-933-4270,mattie.pompey@springfield.edu,3/3/1960
466,Betty,Santos,3348 Bassell Avenue,Perry,AR,72125,501-662-8021,bettys137@yahoo.com,12/26/1994
467,Agnes,Story,18 Friendship Lane,Santa Clara,CA,95054,408-567-2773,astory834@gmail.com,7/18/1958
468,Sandy,Lewis,4671 Carter Street,Carbondale,IL,62901,618-715-9469,sandylewis33@gmail.com,8/9/1996
469,Elizabeth,Smith,4422 Patterson Street,Cleburne,TX,76031,713-261-3971,elizabeth.e.smith@samplemail.org,11/29/1969
470,Carl,Ferreira,4125 Warner Street,Miami,FL,33179,305-986-3448,carl.m.ferreira@samplemail.org,7/7/1969
471,Phillip,Parrish,131 Garrett Street,Grand Rapids,MI,49503,269-205-0098,phillipparrish82@gmail.com,2/21/1996
472,Edna,Hinrichs,1349 Peaceful Lane,Cleveland,OH,44115,216-430-9309,edna.l.hinrichs@samplemail.org,9/6/1997
473,Terrance,Kitchen,665 Polk Street,Pearce,AZ,85625,520-826-4619,terrance.j.kitchen@samplemail.org,9/29/1987
474,Christine,Westbrook,3216 Berkshire Circle,Kingston,TN,37763,865-717-3653,christinew344@yahoo.com,5/21/1967
475,Peggy,England,4060 Leo Street,Denver,CO,80202,720-944-6157,peggy.england@springfield.edu,2/9/1984
476,Willard,Jacobs,4418 Archwood Avenue,Lyman,WY,69352,307-788-3334,willardj3@springfield.edu,10/21/1986
477,Mary,Fitzgerald,2194 Hill Street,Margaretta (township),OH,44824,419-767-0611,mary.l.fitzgerald@samplemail.org,1/3/1966
478,Charles,Shelton,4730 Adams Drive,College Station,TX,77840,979-485-0504,charles@example.net,3/5/1973
479,Barbara,Chamblee,1460 Hiddenview Drive,Philadelphia,PA,19146,215-982-4975,bchamblee230@gmail.com,7/2/1984
480,Catherine,Mccarthy,2761 Glenview Drive,Corpus Christi,TX,78476,361-492-3905,catherine.mccarthy@springfield.edu,4/6/1970
481,Adam,Ladd,364 Ella Street,Mountain View,CA,94041,650-314-0391,adam.s.ladd@samplemail.org,2/26/1965
482,Richard,Pena,1375 Sweetwood Drive,Arvada,CO,80002,303-424-5001,richard.k.pena@samplemail.org,10/30/1988
483,Rochelle,Jenkins,458 Glenwood Avenue,Cleveland,OH,44114,216-246-1820,rochelle@example.net,12/28/1994
484,Dawn,Yates,253 Small Street,New York,NY,10029,212-876-2316,dawn.m.yates@samplemail.org,11/8/1985
485,Craig,Dias,4824 Stoney Lane,Dallas,TX,75287,972-931-3986,craig.l.dias@samplemail.org,7/4/1992
486,Lynn,Rentz,197 Oakridge Lane,Macon,GA,31201,478-217-0648,lynn@example.net,6/29/1970
487,Kimberly,Cortez,143 Arbor Court,Rawlins,WY,82301,307-324-8258,kcortez803@gmail.com,6/3/1974
488,James,Blakley,3304 Saint James Drive,Harrisburg,PA,17102,717-450-4337,james.blakley@springfield.edu,1/13/1956
489,Garry,Gordon,1795 Badger Pond Lane,Winter Haven,FL,33830,727-235-2059,ggordon475@gmail.com,11/23/1979
490,Cindy,Stallings,1453 Coleman Avenue,Palm Springs,CA,92262,760-774-2617,cstallings525@gmail.com,2/26/1986
491,Anna,Reid,2511 Saint Francis Way,Eagleville,PA,19403,267-231-1632,annareid78@gmail.com,7/1/1972
492,Katharine,Harvey,4047 Little Street,Akron,OH,44308,330-541-4567,katharineharvey16@gmail.com,11/16/1981
493,Thomas,Wright,67 Oliver Street,Burleson,TX,76028,817-295-2483,thomaswright@yahoo.com,11/30/1962
494,Edwin,Carswell,4495 Tori Lane,Midvale,UT,84047,801-555-2598,ecarswell468@gmail.com,4/23/1958
495,Marcie,Smith,2923 Charack Road,Loogootee,IN,47553,812-296-2217,marcie@example.net,2/24/1981
496,Judith,Perry,3416 Margaret Street,Houston,TX,77063,713-913-3793,judithperry@yahoo.com,8/6/1984
497,Beatrice,Gillis,527 Duck Creek Road,Daly City,CA,94015,650-758-0798,beatricegillis@yahoo.com,1/18/1955
498,Donald,Seitz,3208 Walton Street,Salt Lake City,UT,84111,801-438-0703,dseitz212@gmail.com,2/2/1988
499,Chase,Dibble,2607 Hewes Avenue,Linthicum Heights,MD,21090,443-633-6420,chasedibble58@gmail.com,2/8/1987
500,Jane,Monroe,2754 Simpson Street,Bloomington,IL,61701,309-831-2133,janemonroe@yahoo.com,1/24/1991
