ID,Gender,Firstname,Middle,Lastname,Address,City,State,Zipcode,Telephone,Birthday,Email
2401,male,George,T,Gonzalez,3085 Palmer Road,Worthington,OH,43085,614-650-6212,1974/07/31,George.T.Gonzalez@pookmail.com
2402,female,Melissa,M,Fischer,699 Ocello Street,San Diego,CA,92111,619-994-8147,1945/01/18,Melissa.M.Fischer@mailinator.com
2403,male,Randy,L,Whiting,837 Flint Street,Atlanta,GA,30329,678-235-6650,1974/02/01,Randy.L.Whiting@dodgit.com
2404,male,Stephen,K,Howell,1677 Ingram Street,Springfield,OH,45501,937-525-5091,1957/06/10,Stephen.K.Howell@spambob.com
2405,female,Kellie,J,Mangels,1867 Rivendell Drive,Akron,OH,44307,330-805-7440,1952/04/13,Kellie.J.Mangels@trashymail.com
2406,male,Philip,T,Olson,3356 Glendale Avenue,Pacoima,CA,91331,818-686-9092,1976/03/27,Philip.T.Olson@trashymail.com
2407,male,Josh,C,Kizer,4959 Sycamore Circle,Bismarck,ND,58501,701-214-7166,1964/06/15,Josh.C.Kizer@pookmail.com
2408,female,Joy,B,Toney,594 Poe Lane,Lenexa,KS,66215,913-473-9406,1975/01/19,Joy.B.Toney@pookmail.com
2409,male,Mark,M,Carreno,4284 Green Street,Hillsdale,TN,37057,615-633-7674,1958/08/13,Mark.M.Carreno@spambob.com
2410,male,Norris,B,Carpenter,150 Roosevelt Road,Moran,KS,66755,620-237-1636,1940/08/14,Norris.B.Carpenter@mailinator.com
2411,female,Helen,M,Dowd,3509 Boggess Street,Harrison (twp) Montgomery,OH,45406,937-925-3858,1962/03/17,Helen.M.Dowd@pookmail.com
2412,female,Katie,J,Augustine,915 Cabell Avenue,Lorton,VA,22079,703-541-3298,1941/03/16,Katie.J.Augustine@mailinator.com
2413,male,Ronald,L,Ely,1237 Hornor Avenue,Tulsa,OK,74120,918-345-3759,1963/06/09,Ronald.L.Ely@trashymail.com
2414,female,Jodi,E,Jones,522 Bond Street,East Providence,RI,02914,401-837-6251,1985/04/26,Jodi.E.Jones@spambob.com
2415,female,Deborah,R,Jones,425 Sundown Lane,Austin,TX,78723,512-235-2174,1980/12/06,Deborah.R.Jones@trashymail.com
2416,male,Shawn,M,Hong,4652 Skinner Hollow Road,Jacksonville,OR,97530,541-899-6977,1970/03/03,Shawn.M.Hong@spambob.com
2417,female,Celia,E,Kull,717 Arlington Avenue,Paragould,AR,72450,870-239-5466,1947/01/15,Celia.E.Kull@pookmail.com
2418,female,Karen,W,Wilson,941 Kelly Drive,Lubeck,WV,26101,304-863-7105,1951/03/18,Karen.W.Wilson@dodgit.com
2419,male,Daniel,W,Kincaid,1861 Ritter Avenue,Detroit,MI,48226,586-675-3479,1964/08/08,Daniel.W.Kincaid@spambob.com
2420,male,Morgan,K,Mitchell,1370 College Street,Atlanta,GA,30309,404-385-9959,1964/12/10,Morgan.K.Mitchell@mailinator.com
2421,female,Jackie,A,Ortiz,2755 Ersel Street,Dallas,TX,75247,214-442-7534,1960/11/07,Jackie.A.Ortiz@trashymail.com
2422,male,Charles,L,Batchelor,3442 Wakefield Street,Plymouth Meeting,PA,19462,215-378-0257,1966/03/19,Charles.L.Batchelor@pookmail.com
2423,female,Shirley,J,Wang,2014 Boggess Street,Sugar Tree Ridge,OH,45133,937-927-8406,1971/08/16,Shirley.J.Wang@spambob.com
2424,male,Joseph,B,Peres,1551 Mulberry Avenue,Little Rock,AR,72212,501-388-9269,1954/11/13,Joseph.B.Peres@dodgit.com
2425,male,John,S,Lima,3468 Wescam Court,Cambridge,MA,02141,781-232-1879,1980/01/24,John.S.Lima@dodgit.com
2426,male,Paul,L,Link,1872 Harron Drive,Glen Burnie,MD,21061,443-572-4535,1978/11/18,Paul.L.Link@trashymail.com
2427,male,James,H,Diaz,528 Holden Street,San Diego,CA,92102,619-262-6968,1982/10/11,James.H.Diaz@mailinator.com
2428,female,Robin,L,Martell,4001 Gore Street,Houston,TX,77026,713-572-7857,1970/02/05,Robin.L.Martell@pookmail.com
2429,male,Juan,P,Mclean,4349 Duck Creek Road,Palo Alto,CA,94306,650-846-6613,1949/02/20,Juan.P.Mclean@mailinator.com
2430,female,Sarah,M,Mcgee,872 Shingleton Road,Bridgman,MI,49106,269-466-1875,1977/06/14,Sarah.M.Mcgee@trashymail.com
2431,female,Sylvia,H,Peterson,519 Maxwell Street,Hartford,CT,06103,860-723-0528,1985/12/06,Sylvia.H.Peterson@spambob.com
2432,female,Lupe,R,Neal,3052 Ritter Street,Huntsville,AL,35806,256-327-1399,1959/05/20,Lupe.R.Neal@mailinator.com
2433,female,Valerie,J,Render,4898 Walt Nuzum Farm Road,Rochester,NY,14623,585-391-9666,1951/02/18,Valerie.J.Render@mailinator.com
2434,female,Stephanie,T,Skelton,1686 Whiteman Street,Lower Township,NJ,08204,609-884-0704,1947/04/16,Stephanie.T.Skelton@pookmail.com
2435,male,Marc,K,Leith,3259 Riverwood Drive,Chico,CA,95926,530-370-3408,1949/04/19,Marc.K.Leith@dodgit.com
2436,female,Theresa,F,Lemieux,238 Walton Street,Salt Lake City,UT,84104,801-417-9099,1943/08/11,Theresa.F.Lemieux@mailinator.com
2437,male,Jerry,M,Smith,657 Crestview Terrace,San Antonio,TX,78218,830-715-0140,1966/12/03,Jerry.M.Smith@dodgit.com
2438,male,Wilburn,E,Huggard,2709 Wilson Avenue,Wilmer,TX,75172,972-525-4004,1969/09/15,Wilburn.E.Huggard@spambob.com
2439,male,Raymond,M,Lininger,1876 Brookside Drive,Birmingham,AL,35203,205-396-8260,1947/08/20,Raymond.M.Lininger@pookmail.com
2440,female,Bernadette,R,Lashley,2085 Redbud Drive,New York,NY,10011,347-934-0153,1945/02/05,Bernadette.R.Lashley@mailinator.com
2441,female,Xiomara,D,Embrey,4444 Rivendell Drive,Akron,OH,44307,330-808-6659,1981/06/05,Xiomara.D.Embrey@spambob.com
2442,female,Blanca,J,Mello,4449 Traders Alley,Archie,MO,64725,816-430-2271,1971/12/02,Blanca.J.Mello@pookmail.com
2443,male,John,F,Sims,4905 Skips Lane,Phoenix,AZ,85034,928-446-3341,1941/09/11,John.F.Sims@dodgit.com
2444,female,Patsy,F,Firestone,2707 Oak Lane,Gallatin,MO,64640,660-663-6732,1961/04/21,Patsy.F.Firestone@pookmail.com
2445,female,Lorie,R,Fredericks,4426 Bolman Court,Baylis,IL,62314,217-336-4652,1956/06/22,Lorie.R.Fredericks@mailinator.com
2446,male,George,M,Walker,1700 Poplar Chase Lane,Pocatello,ID,83204,208-316-6686,1958/08/03,George.M.Walker@mailinator.com
2447,male,Jon,A,Solis,2037 Coolidge Street,Gardiner,MT,59030,406-848-6433,1967/07/05,Jon.A.Solis@spambob.com
2448,female,Elizabeth,B,Duffy,4750 Dark Hollow Road,Briggsville,WI,53920,608-981-2183,1979/01/11,Elizabeth.B.Duffy@mailinator.com
2449,male,Clarence,J,Wayne,4834 Viking Drive,Rutland,OH,45775,740-742-6777,1944/08/08,Clarence.J.Wayne@spambob.com
2450,male,Ronald,P,Johnson,1238 Lyon Avenue,Rutland,MA,01543,508-886-9671,1943/12/03,Ronald.P.Johnson@mailinator.com
2451,female,Tammy,C,Carroll,2222 Laurel Lane,Midland,TX,79701,432-528-1512,1980/02/16,Tammy.C.Carroll@mailinator.com
2452,male,Carlos,M,Riser,499 Bee Street,Muskegon,MI,49470,231-742-4483,1945/04/28,Carlos.M.Riser@spambob.com
2453,female,Margaret,R,Copland,2319 Driftwood Road,San Jose,CA,95113,408-299-0125,1980/04/26,Margaret.R.Copland@trashymail.com
2454,male,Joseph,C,Harrison,119 Morris Street,Laredo,TX,78041,830-322-6752,1966/06/01,Joseph.C.Harrison@mailinator.com
2455,female,Iva,K,Shead,4662 Rose Street,Bensenville,IL,60106,708-215-1121,1966/10/05,Iva.K.Shead@mailinator.com
2456,male,Henry,R,Durham,2208 Longview Avenue,Flushing,NY,11365,718-591-5611,1946/06/12,Henry.R.Durham@spambob.com
2457,male,Ryan,L,Bolte,4921 Simpson Street,Secor,IL,61771,309-744-7180,1953/08/30,Ryan.L.Bolte@dodgit.com
2458,female,Isa,J,Thomas,1750 Wolf Pen Road,Redwood City,CA,94063,650-361-7546,1977/03/18,Isa.J.Thomas@mailinator.com
2459,female,Letty,C,Lynch,1341 Shinn Avenue,Crafton,PA,15205,724-494-2219,1956/03/27,Letty.C.Lynch@pookmail.com
2460,female,Judith,V,Scott,3634 Small Street,New York,NY,10017,212-822-4914,1950/08/19,Judith.V.Scott@trashymail.com
2461,female,Rosa,J,Hargraves,3729 Maud Street,Newark,DE,19711,302-731-8704,1974/03/30,Rosa.J.Hargraves@trashymail.com
2462,female,Shirley,S,Kapp,2406 Nash Street,Hickory Hills,IL,60457,312-965-9939,1945/06/27,Shirley.S.Kapp@mailinator.com
2463,female,Jennifer,S,Harlow,4358 Euclid Avenue,Irvine,CA,92614,805-300-7741,1976/02/18,Jennifer.S.Harlow@pookmail.com
2464,male,Noah,A,Acosta,988 Heavner Court,Long Island City,NY,11101,516-284-5667,1974/10/11,Noah.A.Acosta@dodgit.com
2465,female,Nia,T,Schilling,2208 Austin Avenue,Waycross,GA,31501,912-338-1695,1962/08/29,Nia.T.Schilling@spambob.com
2466,male,Jordan,C,Quintanilla,4600 Ward Road,El Paso,TX,79901,915-227-5508,1948/12/13,Jordan.C.Quintanilla@spambob.com
2467,female,Diane,J,Horton,698 Fantages Way,Damariscotta,ME,04543,207-706-2293,1964/10/02,Diane.J.Horton@pookmail.com
2468,male,Garland,B,Wilson,1974 Turkey Pen Lane,Montgomery,AL,36104,334-504-7123,1943/02/23,Garland.B.Wilson@dodgit.com
2469,female,Vikki,F,Chamberlain,1546 Southside Lane,Los Angeles,CA,90046,323-651-7238,1978/01/23,Vikki.F.Chamberlain@trashymail.com
2470,female,Beverly,A,Miller,2299 Stark Hollow Road,Centennial,CO,80112,970-930-2893,1942/10/25,Beverly.A.Miller@trashymail.com
2471,male,Sergio,M,Skinner,4437 Timberbrook Lane,Mountain View,CO,82939,970-269-9061,1950/01/24,Sergio.M.Skinner@spambob.com
2472,male,George,R,Hicks,2060 Hiddenview Drive,Warrensville Heights,OH,44128,216-213-1469,1965/01/21,George.R.Hicks@dodgit.com
2473,female,Deborah,R,Curtis,605 McVaney Road,Asheville,NC,28801,828-243-0977,1959/06/21,Deborah.R.Curtis@mailinator.com
2474,female,Rosemary,W,Benitez,3201 Monroe Street,Houston,TX,77023,713-472-7477,1976/12/23,Rosemary.W.Benitez@trashymail.com
2475,male,Cory,A,Williams,2923 Prospect Valley Road,West Los Angeles,CA,90025,310-996-1833,1971/12/09,Cory.A.Williams@spambob.com
2476,male,Joel,S,Stevens,3495 Lindale Avenue,Oakland,CA,94621,510-553-6106,1940/10/28,Joel.S.Stevens@trashymail.com
2477,male,Paul,A,Randolph,4128 West Virginia Avenue,Saranac Lake,NY,12983,518-897-5201,1978/12/13,Paul.A.Randolph@spambob.com
2478,male,Jeffrey,S,Russell,690 Mill Street,Saint Petersburg,FL,33716,863-981-1821,1962/05/26,Jeffrey.S.Russell@trashymail.com
2479,female,Amy,R,Dunkle,169 Worthington Drive,Dallas,TX,75212,972-648-3695,1954/07/22,Amy.R.Dunkle@trashymail.com
2480,male,Scotty,J,Weaver,4620 Elk Street,Costa Mesa,CA,92627,949-764-4513,1948/06/29,Scotty.J.Weaver@trashymail.com
2481,male,Shawn,S,Araujo,818 Mapleview Drive,Tampa,FL,33619,727-954-4708,1957/05/09,Shawn.S.Araujo@dodgit.com
2482,male,Donte,M,Lee,4356 Sycamore Circle,Gainesville,GA,30501,678-988-5380,1969/12/14,Donte.M.Lee@dodgit.com
2483,female,Kimberly,W,Pedrick,1730 Bagwell Avenue,Ocala,FL,34471,352-636-6705,1973/09/23,Kimberly.W.Pedrick@spambob.com
2484,female,Mary,W,Burns,2161 Rockford Road,West Roxbury,MA,02132,774-722-2749,1978/01/08,Mary.W.Burns@spambob.com
2485,male,Aurelio,M,Bruck,3107 Elk City Road,Indianapolis,IN,46205,317-926-7494,1951/03/10,Aurelio.M.Bruck@dodgit.com
2486,female,Ann,R,Patrick,3243 Marion Street,Charlotte,SC,28208,803-235-9075,1977/05/10,Ann.R.Patrick@pookmail.com
2487,male,Byron,J,Scruggs,536 Cerullo Road,Louisville,KY,40202,502-470-8215,1943/08/03,Byron.J.Scruggs@spambob.com
2488,female,Brandi,R,Peterson,4197 Cunningham Court,Southfield,MI,48034,248-679-7119,1961/08/25,Brandi.R.Peterson@trashymail.com
2489,female,Lillian,J,Ramsay,179 Bel Meadow Drive,Mira Loma,CA,91752,909-376-1357,1979/09/18,Lillian.J.Ramsay@spambob.com
2490,female,Micaela,R,Morillo,2998 Oak Lane,Warrensburg,MO,64093,660-661-3654,1961/09/12,Micaela.R.Morillo@pookmail.com
2491,female,Emily,J,Herrmann,999 Farland Avenue,Victoria,TX,77901,830-497-2871,1981/08/18,Emily.J.Herrmann@spambob.com
2492,male,Jeremy,A,Fournier,2519 Rose Avenue,New Orleans,LA,70113,504-235-1668,1952/12/04,Jeremy.A.Fournier@mailinator.com
2493,female,Stephanie,T,Brunson,197 Heritage Road,Stockton,CA,95202,559-766-3234,1972/08/26,Stephanie.T.Brunson@mailinator.com
2494,female,Teresa,S,Dube,3458 Pointe Lane,Pompano Beach,FL,33060,954-935-1775,1979/07/26,Teresa.S.Dube@spambob.com
2495,female,Jeannette,Z,Ramos,4561 Bel Meadow Drive,Fontana,CA,92335,909-356-6696,1945/07/28,Jeannette.Z.Ramos@dodgit.com
2496,male,Jason,S,Blair,513 Joseph Street,New Berlin,WI,53151,262-730-0311,1951/09/01,Jason.S.Blair@mailinator.com
2497,male,Joseph,E,Haase,3739 Losh Lane,Pittsburgh,PA,15219,412-705-2356,1954/11/15,Joseph.E.Haase@dodgit.com
2498,female,Beth,T,Barfield,3363 Mount Olive Road,Marietta,GA,30067,678-975-7074,1947/06/22,Beth.T.Barfield@mailinator.com
2499,female,Bonnie,J,Enlow,2620 Liberty Street,Dallas,TX,75204,214-826-0848,1971/02/11,Bonnie.J.Enlow@spambob.com
2500,male,Richard,R,Crocker,2353 Lyndon Street,Riegelsville,PA,18077,610-749-8079,1964/08/21,Richard.R.Crocker@mailinator.com
2501,female,Lois,A,Wright,2893 Hope Street,Mesquite,TX,75149,972-222-2469,1962/05/16,Lois.A.Wright@trashymail.com
2502,male,Frederick,H,Stewart,2837 Stutler Lane,Ebensburg,PA,15931,814-471-6696,1982/05/17,Frederick.H.Stewart@dodgit.com
2503,female,Doreen,M,Atchison,570 Holt Street,West Palm Beach,FL,33401,561-304-3803,1946/10/01,Doreen.M.Atchison@dodgit.com
2504,male,David,D,Covarrubias,4209 Washington Avenue,Jackson,MS,39208,601-939-2400,1945/09/12,David.D.Covarrubias@spambob.com
2505,male,Marshall,T,Dickens,611 Coburn Hollow Road,Galesburg,IL,61401,309-345-1604,1951/04/19,Marshall.T.Dickens@spambob.com
2506,female,Jane,S,Schneider,3215 Bassell Avenue,Little Rock,AR,72205,501-686-6021,1945/08/28,Jane.S.Schneider@pookmail.com
2507,female,Magdalena,L,Young,1130 Capitol Avenue,Indianapolis,IN,46225,765-573-2184,1976/12/13,Magdalena.L.Young@mailinator.com
2508,male,Charles,K,Wertz,3711 Nash Street,Southfield,MI,48075,313-239-0052,1955/05/30,Charles.K.Wertz@pookmail.com
2509,male,Darrell,B,Harris,843 Chardonnay Drive,Seattle,WA,98109,360-205-3072,1954/03/12,Darrell.B.Harris@mailinator.com
2510,female,Sylvia,R,Hall,871 Byers Lane,Sacramento,CA,58147,530-794-1332,1954/05/26,Sylvia.R.Hall@mailinator.com
2511,female,Susan,J,Ringo,4819 Haul Road,Redwood City,CA,94063,650-995-5058,1972/10/31,Susan.J.Ringo@trashymail.com
2512,male,Cleo,A,Gregory,3803 Penn Street,Canton,MO,63435,573-288-4132,1984/09/06,Cleo.A.Gregory@mailinator.com
2513,female,Mary,T,Thomas,1291 Don Jackson Lane,Southfield,MI,48075,810-290-7229,1970/11/24,Mary.T.Thomas@mailinator.com
2514,female,Cynthia,F,Smith,4082 Rowes Lane,Owensboro,KY,42301,270-608-1355,1985/11/21,Cynthia.F.Smith@spambob.com
2515,female,Regina,M,Boland,3778 Highland View Drive,Elk Grove,CA,95624,916-688-0299,1944/10/14,Regina.M.Boland@dodgit.com
2516,male,Christopher,R,Shaw,626 Bryan Street,Charlotte,NC,28202,336-305-0565,1984/11/25,Christopher.R.Shaw@pookmail.com
2517,female,Barbara,T,Lewis,919 Brentwood Drive,Austin,TX,78746,512-742-4405,1958/03/08,Barbara.T.Lewis@pookmail.com
2518,male,John,B,Fitzgerald,1460 Don Jackson Lane,Honolulu,HI,96826,808-943-8967,1983/01/15,John.B.Fitzgerald@dodgit.com
2519,male,Tony,N,Abbas,4408 Tuna Street,Southfield,MI,48075,810-828-7510,1982/04/05,Tony.N.Abbas@pookmail.com
2520,male,Bryan,S,Conley,236 Francis Mine,Redding,CA,96002,530-222-5529,1962/09/28,Bryan.S.Conley@mailinator.com
2521,male,James,M,Orr,1378 Petunia Way,Birmingham,AL,35209,205-873-8600,1961/02/18,James.M.Orr@pookmail.com
2522,male,Donald,A,Sutton,1697 Eagle Street,Hazelwood,IL,63042,618-406-0446,1953/07/23,Donald.A.Sutton@spambob.com
2523,male,Ricky,B,Hodges,3016 Rhode Island Avenue,Washington,DC,20016,202-364-0427,1941/03/29,Ricky.B.Hodges@pookmail.com
2524,male,Robert,D,Pate,4924 Robinson Court,Saginaw,MI,48607,989-416-0748,1964/09/26,Robert.D.Pate@trashymail.com
2525,male,David,S,Grose,2622 Buck Drive,Brandon,VT,05733,802-247-9377,1965/03/02,David.S.Grose@pookmail.com
2526,female,Sue,A,Helms,4728 Counts Lane,Portland,KY,45204,859-919-7816,1977/04/11,Sue.A.Helms@pookmail.com
2527,male,William,L,Mccray,3038 Michael Street,Houston,TX,77063,713-784-2123,1966/10/10,William.L.Mccray@trashymail.com
2528,female,Dani,J,Yorke,825 Green Gate Lane,Baltimore,MD,21202,443-730-1650,1950/03/17,Dani.J.Yorke@dodgit.com
2529,male,Taylor,S,Fisher,1866 Rockford Mountain Lane,Appleton,WI,54911,920-257-2355,1955/06/22,Taylor.S.Fisher@mailinator.com
2530,female,Robin,R,Burleson,1781 Earnhardt Drive,Louisville,KY,40208,502-634-0426,1958/04/20,Robin.R.Burleson@mailinator.com
2531,female,Margarita,J,Richardson,4578 Rebecca Street,Bensenville,IL,60106,847-783-8124,1946/02/07,Margarita.J.Richardson@spambob.com
2532,male,Jack,E,Hughes,3043 Stoney Lonesome Road,Olyphant,PA,18447,570-383-3638,1972/06/07,Jack.E.Hughes@spambob.com
2533,male,John,E,Timmons,3021 Formula Lane,Irving,TX,75039,469-524-8412,1969/05/08,John.E.Timmons@mailinator.com
2534,male,Richard,L,Baumann,4207 Passaic Street,Washington,DC,20005,202-256-0066,1947/08/12,Richard.L.Baumann@mailinator.com
2535,male,Claude,J,Wallace,963 Spruce Drive,Belle Vernon,PA,15012,724-930-0297,1968/07/08,Claude.J.Wallace@trashymail.com
2536,male,Laurence,K,Ray,1179 Hannah Street,Ellenboro,NC,28040,828-410-2541,1954/12/26,Laurence.K.Ray@dodgit.com
2537,female,Debbie,R,Smith,3381 Chipmunk Lane,Seattle,WA,98101,206-993-8816,1948/05/03,Debbie.R.Smith@trashymail.com
2538,male,Donald,C,White,1897 Java Lane,Charlotte,SC,28202,803-619-9776,1960/05/05,Donald.C.White@spambob.com
2539,male,Joseph,C,Turner,873 Coolidge Street,Helena,MT,59601,406-960-7486,1976/05/24,Joseph.C.Turner@trashymail.com
2540,male,Jerry,L,Burton,4464 Ash Street,Richardson,TX,75081,972-783-4096,1944/03/08,Jerry.L.Burton@trashymail.com
2541,male,Richard,M,Jackson,2202 Water Street,Fremont,CA,94539,925-291-0742,1971/05/15,Richard.M.Jackson@trashymail.com
2542,female,Dolores,J,Boltz,571 Lynch Street,Oakland,CA,94612,925-209-0951,1941/09/12,Dolores.J.Boltz@dodgit.com
2543,male,George,T,Mackie,3350 Bird Spring Lane,Sugar Land,TX,77478,281-505-4441,1941/05/21,George.T.Mackie@dodgit.com
2544,male,Daniel,L,Gardner,2942 Joy Lane,City Of Commerce,CA,90040,818-599-4163,1983/02/12,Daniel.L.Gardner@dodgit.com
2545,male,Adam,A,Landis,4741 Rosewood Lane,New York,NY,10007,212-962-4108,1944/01/23,Adam.A.Landis@spambob.com
2546,male,Steve,E,Harry,2694 Friendship Lane,San Jose,CA,95136,408-574-5593,1943/11/05,Steve.E.Harry@mailinator.com
2547,female,Deborah,R,Johnson,4342 Laurel Lee,Saint Paul,MN,55104,651-969-3081,1941/03/19,Deborah.R.Johnson@spambob.com
2548,female,Alice,O,Griffin,3799 Richland Avenue,Alvin,TX,77511,281-331-5263,1959/12/22,Alice.O.Griffin@spambob.com
2549,female,Helen,C,Spencer,1225 George Street,Dunnellon,FL,34432,352-465-1196,1947/09/15,Helen.C.Spencer@dodgit.com
2550,male,Nicholas,B,Dominguez,1014 George Street,Gainesville,FL,32601,352-504-3475,1969/12/31,Nicholas.B.Dominguez@dodgit.com
2551,female,Norma,M,Whitney,4790 Tenmile,Newport News,VA,23603,757-887-0470,1953/10/25,Norma.M.Whitney@spambob.com
2552,male,Bobby,C,Hash,3005 Hall Place,Athens,TX,75751,903-675-7438,1948/01/21,Bobby.C.Hash@spambob.com
2553,female,Hyo,B,Sonnier,3069 Bluff Street,Hagerstown,MD,21742,301-781-3088,1959/01/11,Hyo.B.Sonnier@trashymail.com
2554,female,Vida,M,Smith,2664 Gregory Lane,Louisville,KY,40202,502-486-5312,1947/01/07,Vida.M.Smith@dodgit.com
2555,female,Ruth,D,Fryer,4282 Holt Street,Miami,FL,33169,561-244-0102,1963/01/03,Ruth.D.Fryer@pookmail.com
2556,male,Frederick,A,Stover,4799 Oak Way,Albion,NE,68620,402-395-5819,1977/03/30,Frederick.A.Stover@mailinator.com
2557,male,Alex,N,Morrison,1003 Rainbow Drive,Wellsville,OH,43968,330-532-6282,1959/09/29,Alex.N.Morrison@spambob.com
2558,female,Michele,R,Haight,4582 Tori Lane,Salt Lake City,UT,84113,801-581-0922,1962/12/12,Michele.R.Haight@dodgit.com
2559,female,Laura,E,Mcbride,4245 Romano Street,Cambridge,MA,02141,781-430-3014,1976/01/02,Laura.E.Mcbride@mailinator.com
2560,female,Frances,F,Metzger,4947 Wildrose Lane,Westland,MI,48185,313-742-5069,1971/01/21,Frances.F.Metzger@pookmail.com
2561,male,Peter,S,Weller,3091 Elkview Drive,Sebastian,FL,32958,772-388-9471,1946/06/09,Peter.S.Weller@trashymail.com
2562,male,Reginald,F,Crittendon,699 Charles Street,Southfield,MI,48075,734-391-3800,1946/01/27,Reginald.F.Crittendon@spambob.com
2563,female,Iona,K,Trotter,4630 Beechwood Avenue,Freehold,NJ,07728,908-833-4636,1985/02/15,Iona.K.Trotter@pookmail.com
2564,male,Gregory,J,Kelley,2435 Ritter Avenue,Bloomfield Township,MI,48302,586-588-0517,1982/04/07,Gregory.J.Kelley@dodgit.com
2565,female,Jeanne,E,Shane,4958 Grove Street,Shoreham,NY,11786,631-744-8462,1965/11/26,Jeanne.E.Shane@trashymail.com
2566,female,Vivian,R,Mccoy,822 Big Indian,New Orleans,LA,70112,504-636-7172,1985/12/23,Vivian.R.Mccoy@spambob.com
2567,male,Floyd,E,Krueger,1237 Garfield Road,Viola,IL,61486,309-596-9982,1958/08/13,Floyd.E.Krueger@pookmail.com
2568,male,Michael,D,Moor,2197 Watson Lane,Victoria,TX,77901,830-218-8313,1980/12/14,Michael.D.Moor@pookmail.com
2569,female,Mabel,C,Williams,4715 Woodside Circle,Panama City,FL,32401,850-845-9554,1942/02/07,Mabel.C.Williams@trashymail.com
2570,female,Joy,T,Bell,2432 Rebecca Street,Arlington Heights,IL,60004,847-788-1207,1974/10/29,Joy.T.Bell@pookmail.com
2571,female,Grace,R,Hernandez,328 Redbud Drive,Long Island City,NY,11101,347-710-9366,1958/11/01,Grace.R.Hernandez@trashymail.com
2572,male,Brett,N,Wagner,3890 Clearview Drive,Elizabeth,CO,80107,303-646-0596,1955/07/18,Brett.N.Wagner@spambob.com
2573,male,Melvin,M,Guzman,588 Woodland Avenue,Mandeville,LA,70448,985-727-7398,1981/06/27,Melvin.M.Guzman@spambob.com
2574,male,Charles,J,Davidson,2248 Burnside Avenue,Corinne,UT,84307,435-720-3693,1961/05/24,Charles.J.Davidson@dodgit.com
2575,female,Laura,J,King,2915 Berkshire Circle,Knoxville,TN,37919,865-690-1820,1948/05/23,Laura.J.King@pookmail.com
2576,male,Edward,A,Barker,3425 Sampson Street,Denver,CO,80202,303-590-1269,1947/08/08,Edward.A.Barker@mailinator.com
2577,female,Wilma,B,Martin,1654 Terra Street,Seattle,WA,98161,360-283-1443,1947/10/08,Wilma.B.Martin@spambob.com
2578,male,Steven,R,Blackwelder,4789 Green Gate Lane,Baltimore,MD,21201,443-751-4532,1953/10/15,Steven.R.Blackwelder@trashymail.com
2579,male,Seth,B,Dunlap,1087 Black Oak Hollow Road,Santa Clara,CA,95054,408-839-8444,1951/06/25,Seth.B.Dunlap@mailinator.com
2580,female,Louise,P,Botsford,19 Southern Street,Glen Cove,NY,11542,516-671-9192,1985/03/05,Louise.P.Botsford@mailinator.com
2581,male,Rufus,K,Curiel,4109 Brown Bear Drive,Riverside,CA,92501,951-715-5728,1951/02/12,Rufus.K.Curiel@trashymail.com
2582,male,Jim,P,Jones,3750 Sherman Street,Lawrence,KS,66044,785-841-2014,1968/03/13,Jim.P.Jones@trashymail.com
2583,female,Rose,B,Holland,4989 Desert Broom Court,Parsippany,NJ,07054,201-773-9829,1942/07/07,Rose.B.Holland@mailinator.com
2584,female,Leanna,J,Boyett,4032 Duff Avenue,South Burlington,VT,05403,802-431-9136,1950/12/02,Leanna.J.Boyett@mailinator.com
2585,female,Abbie,A,Deal,3301 Mesa Drive,Las Vegas,NV,89104,702-432-6960,1945/06/20,Abbie.A.Deal@dodgit.com
2586,male,Patrick,M,Bailey,4510 Columbia Road,Philadelphia,DE,19103,302-956-1766,1955/07/07,Patrick.M.Bailey@pookmail.com
2587,male,Michael,M,Kenny,3650 Wilmar Farm Road,Frederick,MD,21701,240-288-2128,1956/10/25,Michael.M.Kenny@dodgit.com
2588,female,Jenny,S,Martin,1789 Huntz Lane,Cambridge,MA,02141,978-607-7836,1981/12/25,Jenny.S.Martin@mailinator.com
2589,female,Jenna,M,Morita,3016 Pineview Drive,Minneapolis,MN,55402,507-976-4949,1974/06/27,Jenna.M.Morita@trashymail.com
2590,male,Lee,M,Williamson,4371 Veltri Drive,Marquette,MI,49855,906-971-6463,1947/10/19,Lee.M.Williamson@trashymail.com
2591,female,Marilyn,C,Saleh,554 Carriage Court,Brawley,CA,92227,760-351-1599,1958/12/18,Marilyn.C.Saleh@mailinator.com
2592,female,Ruth,J,Simmonds,3499 Green Gate Lane,Columbia,MD,21045,443-794-0171,1978/01/27,Ruth.J.Simmonds@trashymail.com
2593,male,Mark,L,Morgan,3664 Illinois Avenue,Yamhill,OR,97148,503-662-3767,1957/05/21,Mark.L.Morgan@spambob.com
2594,male,John,L,Rutter,4130 Wilson Street,Palm Springs,CA,92262,760-883-6547,1948/08/09,John.L.Rutter@trashymail.com
2595,male,Alex,K,Wilke,2521 Jody Road,Reading,PA,19601,610-607-5260,1966/04/02,Alex.K.Wilke@pookmail.com
2596,male,Andrew,K,Townes,587 Saint James Drive,Shippensburg,PA,17257,717-530-8932,1977/12/02,Andrew.K.Townes@pookmail.com
2597,female,Kathleen,W,Anderson,1885 Holly Street,Rome,GA,30161,706-204-8144,1946/10/15,Kathleen.W.Anderson@mailinator.com
2598,female,Frances,M,Fox,3332 Norma Lane,Dodge City,LA,71749,318-571-6311,1983/07/08,Frances.M.Fox@pookmail.com
2599,male,George,J,West,233 Wines Lane,Houston,TX,77006,832-240-3492,1953/03/21,George.J.West@dodgit.com
2600,female,Shannon,G,Morales,687 Oak Ridge Drive,Rolla,MO,65401,573-466-5382,1966/06/29,Shannon.G.Morales@spambob.com
2601,male,Melvin,S,Troncoso,1942 Hummingbird Way,Topeka,KS,66612,785-224-2545,1980/08/01,Melvin.S.Troncoso@trashymail.com
2602,female,Gwendolyn,W,Wilson,516 Dark Hollow Road,Pleasantville,NJ,08232,609-247-7781,1985/02/18,Gwendolyn.W.Wilson@mailinator.com
2603,female,Laura,J,Tillery,2848 Eden Drive,Midlothian,VA,23113,804-897-2071,1955/04/27,Laura.J.Tillery@trashymail.com
2604,female,Karen,T,Wilson,3604 Crowfield Road,Phoenix,AZ,85034,602-818-5448,1959/12/27,Karen.T.Wilson@dodgit.com
2605,female,Laura,J,Phillips,4849 Brooklyn Street,Eugene,OR,97401,541-217-4519,1965/10/14,Laura.J.Phillips@mailinator.com
2606,female,Marsha,A,Norton,3323 Fincham Road,Riverside,CA,92507,760-581-7369,1947/04/16,Marsha.A.Norton@mailinator.com
2607,female,Marguerite,E,White,851 Kembery Drive,Arlington Heights,IL,60005,630-621-7994,1981/01/18,Marguerite.E.White@dodgit.com
2608,male,Cory,M,Claar,252 Joy Lane,Los Angeles,CA,90071,818-490-6387,1948/02/04,Cory.M.Claar@trashymail.com
2609,female,Bessie,J,Harvey,1807 Freedom Lane,Livingston,CA,95334,209-394-2616,1949/09/21,Bessie.J.Harvey@pookmail.com
2610,female,Charlene,R,Gamble,1023 D Street,Bloomfield Township,MI,48302,586-504-4132,1956/12/21,Charlene.R.Gamble@dodgit.com
2611,female,Maria,W,Martin,750 Calvin Street,Columbia,MD,21045,443-421-0024,1971/01/25,Maria.W.Martin@mailinator.com
2612,female,Kathy,S,Staab,3508 Bernardo Street,Evansville,IN,47708,812-909-6164,1969/02/01,Kathy.S.Staab@mailinator.com
2613,male,Christopher,A,Purnell,361 Hog Camp Road,Cicero,IL,60650,708-447-8775,1945/12/26,Christopher.A.Purnell@mailinator.com
2614,male,Preston,M,Saladino,2134 Burton Avenue,Memphis,TN,38128,901-769-8471,1977/04/15,Preston.M.Saladino@spambob.com
2615,female,Danielle,A,Troia,4119 Prudence Street,Southfield,MI,48075,313-334-8511,1970/01/26,Danielle.A.Troia@spambob.com
2616,male,David,H,Johns,3077 Vernon Street,Vista,CA,92083,760-631-9549,1960/12/08,David.H.Johns@pookmail.com
2617,male,David,M,Gustafson,9 Melville Street,Scotts Hill,TN,38374,731-549-3630,1985/02/17,David.M.Gustafson@dodgit.com
2618,male,Thomas,C,Bishop,1721 Lincoln Drive,Hanover (york),PA,17332,717-630-3555,1952/02/18,Thomas.C.Bishop@trashymail.com
2619,female,Helen,J,Simeon,4548 Haymond Rocks Road,Eugene,OR,97402,541-521-9554,1942/09/06,Helen.J.Simeon@dodgit.com
2620,female,Peggy,A,Webster,1794 University Drive,Chicago,IL,60605,312-745-2278,1965/07/15,Peggy.A.Webster@spambob.com
2621,female,Evelyn,J,Freeman,2729 Heather Sees Way,Muskogee,OK,74401,918-687-0039,1972/02/16,Evelyn.J.Freeman@pookmail.com
2622,female,Dawn,A,Jones,1899 Whitetail Lane,Dallas,TX,75202,469-225-1792,1956/05/01,Dawn.A.Jones@pookmail.com
2623,female,Estela,J,Lockwood,3102 Hickory Street,Salt Lake City,UT,84104,801-758-0707,1958/06/20,Estela.J.Lockwood@pookmail.com
2624,male,Duane,W,Toth,1532 Poplar Lane,Hialeah,FL,33012,305-540-8389,1941/01/04,Duane.W.Toth@mailinator.com
2625,male,William,C,Shannon,591 Still Street,Delphos,OH,45833,419-692-2444,1980/04/14,William.C.Shannon@mailinator.com
2626,male,Daniel,B,Burkett,1627 Millbrook Road,Chicago,IL,60601,630-839-9109,1945/08/01,Daniel.B.Burkett@mailinator.com
2627,male,Mike,S,Peirce,2255 Clay Lick Road,Parker,CO,80134,720-851-6945,1948/07/11,Mike.S.Peirce@pookmail.com
2628,male,Steve,A,Sternberg,1707 Tail Ends Road,Ashwaubenon,WI,54304,920-619-4360,1965/09/19,Steve.A.Sternberg@trashymail.com
2629,male,William,A,Kinyon,4220 Brentwood Drive,Austin,TX,78758,512-743-5871,1942/01/25,William.A.Kinyon@dodgit.com
2630,female,Marie,H,Bailey,1908 Catherine Drive,St Thomas,ND,58276,701-257-9186,1982/06/06,Marie.H.Bailey@dodgit.com
2631,female,Lana,T,Neville,3585 Oak Avenue,Cedar Knolls,NJ,07927,848-299-8601,1949/11/11,Lana.T.Neville@spambob.com
2632,female,Elizabeth,H,Bolden,4521 Pike Street,San Diego,CA,92123,858-453-2631,1955/09/14,Elizabeth.H.Bolden@dodgit.com
2633,male,James,B,Delarosa,566 Levy Court,Boston,MA,02110,978-709-0864,1940/07/19,James.B.Delarosa@dodgit.com
2634,male,Gregory,E,Wilkie,1297 Bell Street,New York,NY,10018,212-279-0974,1971/12/27,Gregory.E.Wilkie@spambob.com
2635,male,Richie,W,Nelson,1065 Hillhaven Drive,Mira Loma,CA,91752,323-833-1654,1971/10/10,Richie.W.Nelson@mailinator.com
2636,female,Nellie,R,Martinez,1665 Pursglove Court,Danville (highland),OH,43014,937-288-2171,1946/06/10,Nellie.R.Martinez@pookmail.com
2637,female,Grace,B,Brown,2560 Hartway Street,Mclaughlin,SD,57642,605-823-7287,1972/07/13,Grace.B.Brown@trashymail.com
2638,male,Samuel,G,Corley,2667 Saint Marys Avenue,Black River,NY,13612,315-774-0343,1969/07/10,Samuel.G.Corley@dodgit.com
2639,female,Christina,A,Foster,1758 Viking Drive,Worthington,OH,43085,740-715-3762,1963/09/15,Christina.A.Foster@trashymail.com
2640,male,Donald,A,Schultz,675 Primrose Lane,Readstown,WI,54652,608-629-0927,1949/02/06,Donald.A.Schultz@spambob.com
2641,female,Catherina,L,Moody,2079 Gorby Lane,Hattiesburg,MS,39402,601-244-9716,1971/11/01,Catherina.L.Moody@dodgit.com
2642,female,Alice,D,Dunn,2849 Whaley Lane,Oconomowoc,WI,53066,262-560-4117,1944/05/28,Alice.D.Dunn@pookmail.com
2643,male,Richard,L,Ortiz,1229 Hanifan Lane,Atlanta,GA,30328,678-533-4449,1941/12/31,Richard.L.Ortiz@mailinator.com
2644,male,Michael,G,Childress,3556 North Bend River Road,Evarts,KY,40828,606-837-9239,1974/09/06,Michael.G.Childress@spambob.com
2645,male,James,E,Gomez,2616 Pearcy Avenue,Sheboygan Falls,WI,53085,262-213-5462,1947/03/13,James.E.Gomez@trashymail.com
2646,male,Kevin,H,Reynolds,6 Austin Avenue,Waycross,GA,31501,912-284-2985,1958/01/01,Kevin.H.Reynolds@mailinator.com
2647,male,Daniel,D,Goldfarb,178 Oliver Street,Austin,TX,78701,817-311-3192,1982/01/18,Daniel.D.Goldfarb@spambob.com
2648,male,Earl,K,Smith,3743 Robinson Lane,Mount Vernon,OH,43050,740-397-1860,1952/07/15,Earl.K.Smith@mailinator.com
2649,female,Teresa,A,Durham,3346 Marie Street,Baltimore,MD,21202,410-864-7488,1956/09/03,Teresa.A.Durham@spambob.com
2650,male,Vincent,B,Thomas,3310 Armbrester Drive,San Pedro,CA,90731,310-548-2778,1956/06/08,Vincent.B.Thomas@spambob.com
2651,male,Jason,A,Padilla,1454 Foley Street,Boca Raton,FL,33486,954-705-6039,1966/02/02,Jason.A.Padilla@trashymail.com
2652,female,Shayna,R,Clark,3272 Golden Street,Miami,FL,33176,305-608-8596,1983/03/07,Shayna.R.Clark@dodgit.com
2653,male,Robert,J,Ryan,4657 Oxford Court,Belzoni,MS,39038,662-247-7127,1974/04/16,Robert.J.Ryan@spambob.com
2654,female,Agnes,P,Butler,1493 Henry Ford Avenue,Tulsa,OK,74133,918-252-7182,1942/04/17,Agnes.P.Butler@trashymail.com
2655,female,Hilda,S,Eliason,3486 Saint James Drive,Harrisburg,PA,17101,717-494-2428,1985/08/11,Hilda.S.Eliason@trashymail.com
2656,female,Deborah,D,Leal,2064 Radio Park Drive,Augusta,GA,30902,706-699-3887,1974/07/09,Deborah.D.Leal@mailinator.com
2657,female,Kimberly,A,Franco,4792 Columbia Road,Holly Oak,DE,19809,302-793-3915,1971/02/22,Kimberly.A.Franco@dodgit.com
2658,female,Tamara,G,Berger,3775 Reynolds Alley,Gardena,CA,90248,562-310-0447,1940/03/04,Tamara.G.Berger@dodgit.com
2659,male,Luis,R,Dionne,303 Pine Street,Pittsburgh,PA,15222,724-249-9253,1974/03/23,Luis.R.Dionne@pookmail.com
2660,male,Randy,M,Burke,3502 Freed Drive,Turlock,CA,95380,209-656-0906,1949/12/27,Randy.M.Burke@trashymail.com
2661,male,Patrick,J,Nickell,927 Bolman Court,Ludlow,IL,60949,217-396-0642,1970/12/28,Patrick.J.Nickell@pookmail.com
2662,female,Yvonne,R,Jones,90 Augusta Park,Charleston,WV,25301,304-764-8129,1985/11/01,Yvonne.R.Jones@pookmail.com
2663,female,Suzanne,S,Gardner,4282 Lucky Duck Drive,Bridgeville,PA,15017,412-913-4527,1979/07/18,Suzanne.S.Gardner@mailinator.com
2664,female,Angeline,J,White,3207 Emerson Road,Dubach,LA,71235,318-777-9179,1948/03/10,Angeline.J.White@spambob.com
2665,male,Christopher,C,Rosol,938 Jennifer Lane,Louisburg,NC,27549,919-496-2485,1950/03/01,Christopher.C.Rosol@dodgit.com
2666,female,Celia,J,Houston,1152 Conference Center Way,Bloomsburg,PA,17815,570-898-1336,1950/07/12,Celia.J.Houston@mailinator.com
2667,female,Linda,P,Harmon,3761 Willow Oaks Lane,Lafayette,LA,70503,337-406-5370,1972/11/22,Linda.P.Harmon@mailinator.com
2668,male,James,N,Daw,2717 Camel Back Road,Tulsa,OK,74119,918-558-7597,1976/05/18,James.N.Daw@spambob.com
2669,male,Adam,L,Nichols,3342 Jenna Lane,Des Moines,IA,50313,515-250-5375,1957/04/24,Adam.L.Nichols@spambob.com
2670,female,Betty,M,Bunton,342 Hope Street,Desoto,TX,75115,972-230-0235,1966/09/11,Betty.M.Bunton@pookmail.com
2671,female,Ruby,J,Smith,3641 Jones Street,Blue Mound,TX,76131,817-495-7072,1980/01/17,Ruby.J.Smith@mailinator.com
2672,male,Harry,S,Pons,2216 Goodwin Avenue,Richland,WA,99352,509-373-0007,1976/05/29,Harry.S.Pons@mailinator.com
2673,female,Jeannette,T,Howard,51 Alexander Avenue,Pleasanton,CA,94588,925-520-6870,1962/05/10,Jeannette.T.Howard@spambob.com
2674,female,Hollie,E,Jernigan,1095 Lynn Ogden Lane,Beaumont,TX,77701,409-858-5978,1946/11/20,Hollie.E.Jernigan@trashymail.com
2675,female,Betty,M,Cunningham,2961 Terra Cotta Street,Duluth,MN,55802,218-624-3176,1961/02/14,Betty.M.Cunningham@trashymail.com
2676,male,Johnny,D,Morris,2053 Crestview Manor,Indianapolis,IN,46225,317-294-4621,1961/01/30,Johnny.D.Morris@trashymail.com
2677,female,Melissa,A,Leavitt,4637 Asylum Avenue,New York,CT,10013,203-660-8940,1965/12/27,Melissa.A.Leavitt@dodgit.com
2678,male,Robert,H,Cureton,2521 Par Drive,Goleta,CA,93117,805-895-1640,1940/03/23,Robert.H.Cureton@dodgit.com
2679,male,Travis,D,Jones,3276 Daylene Drive,Southfield,MI,48075,734-521-9037,1966/02/13,Travis.D.Jones@dodgit.com
2680,female,Maryann,P,Cola,3584 Foley Street,Tamarac,FL,33321,954-720-8569,1953/06/16,Maryann.P.Cola@dodgit.com
2681,male,Morris,P,Guerrero,3438 Frosty Lane,Binghamton,NY,13901,607-608-8927,1943/06/10,Morris.P.Guerrero@spambob.com
2682,female,Mary,B,Tatum,343 Stadium Drive,Framingham,MA,01702,508-233-5029,1978/03/23,Mary.B.Tatum@spambob.com
2683,male,Richard,A,Wallis,4624 Fantages Way,West Enfield,ME,04493,207-680-6603,1966/05/22,Richard.A.Wallis@pookmail.com
2684,male,Jimmy,L,Phan,2758 Dale Avenue,Tacoma,WA,98424,253-926-1179,1945/10/27,Jimmy.L.Phan@dodgit.com
2685,female,Cecelia,J,Petit,2137 Geraldine Lane,New York,NY,10011,646-292-8313,1973/10/15,Cecelia.J.Petit@spambob.com
2686,male,Thomas,T,Boyle,2010 Southside Lane,Alhambra,CA,91801,323-683-7931,1972/06/08,Thomas.T.Boyle@mailinator.com
2687,female,Keri,C,Todd,4655 Geraldine Lane,Elmsford,NY,10523,646-372-6311,1950/08/15,Keri.C.Todd@spambob.com
2688,female,Marie,P,Stevenson,760 Indiana Avenue,Honolulu,HI,96816,808-732-1696,1972/05/18,Marie.P.Stevenson@pookmail.com
2689,male,Donald,V,Yancey,2363 Poe Road,Myrtle Beach,SC,29577,843-267-8951,1955/08/28,Donald.V.Yancey@spambob.com
2690,female,Jessica,S,Guerra,1946 Counts Lane,Florence,KY,41042,859-905-4799,1959/02/03,Jessica.S.Guerra@mailinator.com
2691,female,Adriana,F,Lane,1102 Conifer Drive,Seattle,WA,98109,425-522-9413,1982/03/13,Adriana.F.Lane@pookmail.com
2692,male,James,P,Black,4813 Twin Oaks Drive,Grand Rapids,MI,49503,231-569-1149,1960/05/02,James.P.Black@pookmail.com
2693,female,Alexandra,S,Simard,377 Lords Way,Memphis,TN,38118,731-859-2408,1966/02/11,Alexandra.S.Simard@pookmail.com
2694,female,Melinda,T,Oconnell,497 Burnside Avenue,Saint George,UT,84770,435-669-0150,1976/01/16,Melinda.T.Oconnell@dodgit.com
2695,male,Donald,I,Gillan,3954 Bird Street,Hondo,NM,88336,505-653-3025,1961/05/16,Donald.I.Gillan@pookmail.com
2696,female,Joan,T,Backman,4817 Freedom Lane,Stockton,CA,95202,209-462-1283,1984/11/11,Joan.T.Backman@pookmail.com
2697,female,Flossie,R,Harrington,335 Cedarstone Drive,Toledo,OH,43604,419-503-0287,1949/01/23,Flossie.R.Harrington@dodgit.com
2698,male,Joseph,D,Jarvis,2822 Cedarstone Drive,Attica,OH,44807,419-426-0617,1947/03/04,Joseph.D.Jarvis@mailinator.com
2699,male,David,A,Thompson,3325 Eden Drive,Richmond,VA,23223,804-926-5581,1976/07/25,David.A.Thompson@mailinator.com
2700,female,Virginia,M,Morris,2450 Wildwood Street,Akron,OH,44303,330-713-4233,1977/08/20,Virginia.M.Morris@trashymail.com
2701,male,Keith,M,Reyes,2816 Charmaine Lane,Amarillo,TX,79101,806-440-2196,1981/09/24,Keith.M.Reyes@trashymail.com
2702,female,Betty,J,Gardner,3234 Mercer Street,Falun,WI,54840,715-689-7170,1981/07/21,Betty.J.Gardner@mailinator.com
2703,female,Kimberly,M,Scruggs,4356 Locust Street,Doerun,GA,31744,229-782-7409,1976/04/21,Kimberly.M.Scruggs@trashymail.com
2704,male,Anthony,C,Edwards,3895 Masonic Hill Road,Morrilton,AR,72110,501-477-0378,1978/04/15,Anthony.C.Edwards@dodgit.com
2705,male,Romeo,G,Garcia,3594 Golden Street,Miami,FL,33131,305-675-1950,1944/04/25,Romeo.G.Garcia@mailinator.com
2706,male,Fidel,S,Davidson,2934 Stoneybrook Road,Orlando,FL,32810,321-438-4214,1976/10/10,Fidel.S.Davidson@trashymail.com
2707,male,Adolph,H,Griffith,2183 Still Street,Sandusky,OH,44870,419-626-7470,1955/08/06,Adolph.H.Griffith@pookmail.com
2708,male,Troy,A,Page,116 Williams Avenue,Bakersfield,CA,93301,661-279-8800,1978/01/07,Troy.A.Page@spambob.com
2709,male,Michael,M,Wilson,4487 Harter Street,Springfield,OH,45500,937-629-4129,1981/03/12,Michael.M.Wilson@mailinator.com
2710,male,Norberto,B,Sanchez,2186 Redbud Drive,Whitestone,NY,11357,347-886-6495,1976/09/17,Norberto.B.Sanchez@dodgit.com
2711,female,Judith,T,Nosal,1705 Norma Avenue,Prairie View,TX,77445,936-857-0011,1983/07/28,Judith.T.Nosal@dodgit.com
2712,female,Josephina,D,Crider,2972 Tyler Avenue,Miami Springs,FL,33166,305-315-8606,1984/12/27,Josephina.D.Crider@dodgit.com
2713,male,Michael,D,Cervantes,2698 Chardonnay Drive,Ocala,FL,34471,352-843-2409,1972/07/13,Michael.D.Cervantes@trashymail.com
2714,male,Donald,M,Andrews,4072 Woodland Drive,Omaha,IA,68154,712-256-0149,1947/12/31,Donald.M.Andrews@mailinator.com
2715,male,Jay,A,Pettit,3274 Rockford Mountain Lane,Milwaukee,WI,53202,920-263-5607,1974/12/22,Jay.A.Pettit@spambob.com
2716,female,Staci,H,London,4994 Jett Lane,Hawthorne,CA,90250,310-676-7430,1950/09/24,Staci.H.London@spambob.com
2717,male,Kenneth,D,Owens,1835 Pointe Lane,Hialeah,FL,33012,954-887-3165,1952/01/17,Kenneth.D.Owens@mailinator.com
2718,male,Daniel,N,Brantley,4660 Rainbow Road,Phoenix,AZ,85003,623-889-2779,1945/12/13,Daniel.N.Brantley@pookmail.com
2719,male,Larry,M,Audette,4194 Stoney Lonesome Road,Stroudsburg,PA,18360,570-420-1801,1940/08/01,Larry.M.Audette@dodgit.com
2720,male,Keith,J,Christensen,536 Whaley Lane,New Berlin,WI,53151,262-497-0023,1949/03/02,Keith.J.Christensen@mailinator.com
2721,female,Kelly,R,Smith,2397 Clay Street,Carmel,IN,46032,317-382-3817,1967/03/17,Kelly.R.Smith@dodgit.com
2722,male,Ryan,J,Barna,3438 Thompson Street,Los Angeles,CA,90071,562-520-2269,1957/06/30,Ryan.J.Barna@spambob.com
2723,female,Mireya,R,Cowles,4460 Haven Lane,Onondaga,MI,49264,517-628-2653,1975/09/28,Mireya.R.Cowles@trashymail.com
2724,male,Blaine,M,Hanson,1161 Laurel Lee,Kansas City,MO,64106,660-210-9253,1973/04/01,Blaine.M.Hanson@spambob.com
2725,female,Magaly,D,Powers,622 Dog Hill Lane,Topeka,KS,66608,785-724-7593,1940/10/11,Magaly.D.Powers@dodgit.com
2726,female,Barb,C,Caston,4770 Quarry Drive,Selma,AL,36703,334-877-7925,1977/06/19,Barb.C.Caston@dodgit.com
2727,female,Helen,P,Amaker,520 Owagner Lane,Mercer Island,WA,98040,206-275-5627,1960/11/12,Helen.P.Amaker@pookmail.com
2728,female,Rose,E,Morgan,507 Tavern Place,Martinsburg,WV,25401,304-263-2956,1945/12/03,Rose.E.Morgan@mailinator.com
2729,female,Ashley,E,Nilsson,336 Primrose Lane,Madison,WI,53718,608-548-3730,1978/02/19,Ashley.E.Nilsson@dodgit.com
2730,male,James,I,Hatcher,4371 Broad Street,Birmingham,AL,35203,205-473-1048,1977/08/01,James.I.Hatcher@spambob.com
2731,female,Julie,P,Crutchfield,3324 Oakridge Farm Lane,New Berlin,WI,53151,262-345-9579,1947/09/06,Julie.P.Crutchfield@trashymail.com
2732,female,Edith,M,Gamble,958 Clinton Street,Little Rock,AR,72211,501-224-7091,1983/01/23,Edith.M.Gamble@spambob.com
2733,female,Marta,L,Williams,2098 Raccoon Run,Bainbridge Island,WA,98110,206-855-4085,1959/05/14,Marta.L.Williams@mailinator.com
2734,female,Cheryle,J,Miller,1980 Meadow Drive,Bozeman,MT,59718,406-209-1696,1952/07/14,Cheryle.J.Miller@mailinator.com
2735,female,Stacy,J,Hicks,2435 Wilson Avenue,Lewisville,TX,75067,972-471-6896,1980/03/30,Stacy.J.Hicks@spambob.com
2736,male,Denis,H,Blackman,2355 Ashton Lane,Austin,TX,78701,512-583-4730,1970/01/26,Denis.H.Blackman@trashymail.com
2737,male,Gerald,M,King,2495 Lilac Lane,Douglas,GA,31533,912-383-8656,1952/07/28,Gerald.M.King@pookmail.com
2738,male,James,V,Robinson,187 West Street,Hudsonville,MI,49426,616-669-1433,1948/10/28,James.V.Robinson@dodgit.com
2739,female,Joan,J,Davis,298 Short Street,Georgetown,TX,78626,512-943-0272,1956/11/23,Joan.J.Davis@dodgit.com
2740,female,Virginia,J,Sayre,2453 Pike Street,San Diego,CA,92123,858-535-4250,1961/07/19,Virginia.J.Sayre@pookmail.com
2741,female,Marilyn,L,Bard,1399 August Lane,Alexandria,LA,71301,318-427-0319,1968/02/20,Marilyn.L.Bard@pookmail.com
2742,female,Gladys,J,Shumate,2104 Traders Alley,Kansas City,MO,64105,816-343-5959,1966/12/05,Gladys.J.Shumate@mailinator.com
2743,female,Mary,J,Hawley,4676 Central Avenue,New Brunswick,NJ,08901,201-374-9275,1970/01/20,Mary.J.Hawley@trashymail.com
2744,female,Loretta,E,Massa,789 Spirit Drive,Deltona,FL,32738,386-789-5523,1985/04/09,Loretta.E.Massa@mailinator.com
2745,male,Don,A,Silas,697 Leroy Lane,Owingsville,KY,40360,606-217-6573,1959/12/15,Don.A.Silas@spambob.com
2746,female,Maria,D,Ponce,4921 Hiney Road,North Las Vegas,NV,89032,702-271-1215,1979/10/27,Maria.D.Ponce@trashymail.com
2747,female,Rosalia,D,Lane,3698 Red Maple Drive,Los Angeles,CA,90017,323-443-7432,1967/03/01,Rosalia.D.Lane@pookmail.com
2748,female,Evelyn,D,Martinez,2948 Fraggle Drive,La Grange,IL,60525,630-304-9766,1942/06/06,Evelyn.D.Martinez@dodgit.com
2749,female,Patricia,T,Jefferson,4635 Poplar Chase Lane,Rexburg,ID,83440,208-359-1447,1984/01/27,Patricia.T.Jefferson@spambob.com
2750,male,Mike,A,Hawkins,1262 Sweetwood Drive,Denver,CO,80202,303-408-0145,1957/04/01,Mike.A.Hawkins@dodgit.com
2751,female,Margaret,J,Mclellan,1293 Midway Road,Winslow,AR,72959,479-634-0282,1944/01/01,Margaret.J.Mclellan@dodgit.com
2752,female,Valerie,H,Alston,685 Adams Drive,Angleton,TX,77515,979-549-0254,1979/06/17,Valerie.H.Alston@dodgit.com
2753,male,Frank,D,Moody,4236 Progress Way,Springville,IA,52336,319-854-7544,1966/12/11,Frank.D.Moody@mailinator.com
2754,female,Karla,J,Jones,390 Dog Hill Lane,Salina,KS,67401,785-789-4586,1952/04/04,Karla.J.Jones@mailinator.com
2755,male,Keith,E,Jacks,114 Don Jackson Lane,Brighton,MI,48116,810-229-0820,1948/08/21,Keith.E.Jacks@dodgit.com
2756,male,Cameron,D,Angle,3768 Lonely Oak Drive,Mobile,AL,36602,251-517-5466,1965/11/14,Cameron.D.Angle@spambob.com
2757,male,Stephen,L,Elwell,1958 Hemlock Lane,Mcallen,TX,78501,956-433-5692,1985/09/01,Stephen.L.Elwell@mailinator.com
2758,female,Christie,N,Arvidson,3391 Stewart Street,Indianapolis,IN,46241,317-660-0575,1964/10/02,Christie.N.Arvidson@dodgit.com
2759,female,Emma,V,James,91 Longview Avenue,Brooklyn,NY,11206,718-524-4585,1971/07/15,Emma.V.James@mailinator.com
2760,male,David,P,Hodges,4819 Fidler Drive,San Antonio,TX,78023,210-695-3468,1972/01/13,David.P.Hodges@dodgit.com
2761,male,Antonio,L,Diaz,2011 University Street,Seattle,WA,98119,206-378-6181,1963/09/11,Antonio.L.Diaz@spambob.com
2762,female,Viola,J,Richardson,2133 Rockwell Lane,Greenville,NC,27834,252-550-4833,1977/03/31,Viola.J.Richardson@pookmail.com
2763,male,Carl,E,Hammett,4905 Hillcrest Circle,Saint Michael,MN,55376,763-497-1124,1951/05/05,Carl.E.Hammett@mailinator.com
2764,female,Kerry,L,Pitts,4120 Big Elm,Kansas City,MO,64110,816-819-3532,1958/09/19,Kerry.L.Pitts@pookmail.com
2765,male,Dwayne,B,Henry,1796 Petunia Way,Birmingham,AL,35209,205-870-8739,1966/07/28,Dwayne.B.Henry@spambob.com
2766,female,Karen,R,Folk,4183 Harter Street,Wilmington,OH,45177,937-655-9808,1959/03/31,Karen.R.Folk@dodgit.com
2767,male,Norman,M,Huerta,3574 Gateway Road,Portland,OR,97230,503-310-1600,1968/07/17,Norman.M.Huerta@dodgit.com
2768,female,Kelly,D,Kindig,2801 Liberty Street,Dallas,TX,75202,214-858-0437,1948/12/24,Kelly.D.Kindig@dodgit.com
2769,female,Shannan,C,Lee,4560 Neville Street,Bloomington,IN,47408,812-577-2295,1970/10/19,Shannan.C.Lee@pookmail.com
2770,female,Maggie,J,Mahoney,1086 Filbert Street,Downingtown,PA,19335,610-873-0508,1973/10/21,Maggie.J.Mahoney@trashymail.com
2771,female,Grace,N,Hayes,858 Shady Pines Drive,Bowling Green,KY,42101,270-936-2512,1954/08/24,Grace.N.Hayes@trashymail.com
2772,male,Gary,C,Nolan,2332 Charla Lane,Arlington,TX,76011,972-768-1063,1948/09/11,Gary.C.Nolan@mailinator.com
2773,female,Jessica,J,Seabrook,4350 Conaway Street,Bloomington,IN,47408,812-332-3136,1950/08/22,Jessica.J.Seabrook@pookmail.com
2774,male,David,G,Dufresne,1941 Traders Alley,Irvine,MO,92614,816-385-9437,1981/10/15,David.G.Dufresne@dodgit.com
2775,female,Mary,J,Yopp,3847 Woodridge Lane,Memphis,TN,38134,901-372-9576,1983/05/15,Mary.J.Yopp@trashymail.com
2776,male,David,M,Dowd,4617 Barrington Court,Cherry Valley,AR,72324,870-525-7904,1968/05/26,David.M.Dowd@mailinator.com
2777,female,Nancy,J,Gaudet,4758 Pleasant Hill Road,Bellflower,CA,90706,562-249-4573,1940/03/08,Nancy.J.Gaudet@pookmail.com
2778,female,Naomi,H,Ray,4072 Mcwhorter Road,Iuka,MS,38852,662-423-9958,1978/01/28,Naomi.H.Ray@mailinator.com
2779,male,James,L,Woolsey,1271 August Lane,Shreveport,LA,71101,318-480-6032,1968/04/26,James.L.Woolsey@mailinator.com
2780,male,Andrew,A,Mack,635 Passaic Street,Rochelle Park,NJ,07662,201-450-4542,1982/09/01,Andrew.A.Mack@spambob.com
2781,female,Annette,J,Eisenberg,4050 Blair Court,Sedalia,MO,65301,660-530-5348,1968/05/07,Annette.J.Eisenberg@trashymail.com
2782,female,Mary,L,Mcgee,2949 Brannon Avenue,Jacksonville,FL,32207,904-746-3931,1945/11/21,Mary.L.Mcgee@spambob.com
2783,male,David,S,Brock,774 Walt Nuzum Farm Road,Rochester,NY,14621,585-342-4814,1956/04/18,David.S.Brock@dodgit.com
2784,female,Samantha,W,Jones,3955 Atha Drive,Bakersfield,CA,93301,661-731-5200,1970/04/01,Samantha.W.Jones@spambob.com
2785,female,Teri,W,Law,449 Agriculture Lane,Belle,WV,25015,304-949-9379,1960/07/29,Teri.W.Law@dodgit.com
2786,male,Theodore,J,Livingston,3163 Euclid Avenue,City Of Commerce,CA,90040,805-320-8649,1945/06/26,Theodore.J.Livingston@spambob.com
2787,male,Jacob,M,Prendergast,2085 Oakdale Avenue,Tampa,FL,33619,863-513-2988,1954/03/08,Jacob.M.Prendergast@spambob.com
2788,female,Meryl,D,Martinez,482 Tea Berry Lane,Cecil,WI,54111,715-745-4319,1940/01/10,Meryl.D.Martinez@trashymail.com
2789,male,Richard,J,Miller,1879 Walt Nuzum Farm Road,Buffalo,NY,14216,585-356-0893,1959/03/08,Richard.J.Miller@pookmail.com
2790,male,Eric,M,Lee,1516 Trouser Leg Road,Springfield,MA,01109,413-831-0825,1981/03/22,Eric.M.Lee@dodgit.com
2791,male,Johnson,D,Lambert,3650 Metz Lane,West Roxbury,MA,02132,857-366-7897,1977/11/24,Johnson.D.Lambert@trashymail.com
2792,female,Jolie,J,Rodriguez,3458 Froe Street,Wheeling,WV,26003,304-315-8248,1954/10/28,Jolie.J.Rodriguez@dodgit.com
2793,female,Katina,C,Nicholson,2171 Melm Street,Johnston,RI,02919,401-221-7940,1942/11/14,Katina.C.Nicholson@mailinator.com
2794,male,Mark,G,Lara,1380 McDowell Street,Nashville,TN,37211,931-278-8359,1967/08/08,Mark.G.Lara@mailinator.com
2795,male,Robert,R,Adkins,3289 Blair Court,King City,MO,64463,660-535-3046,1976/06/25,Robert.R.Adkins@pookmail.com
2796,female,Linda,J,Hobbs,455 Norman Street,Los Angeles,CA,90017,323-324-0320,1965/10/27,Linda.J.Hobbs@trashymail.com
2797,female,Elizabeth,K,Vanhouten,53 Raver Croft Drive,Huntsville,TN,37756,423-663-9272,1950/12/30,Elizabeth.K.Vanhouten@trashymail.com
2798,male,Lynn,L,Deangelis,2800 American Drive,Tallahassee,FL,32312,850-894-5454,1974/08/06,Lynn.L.Deangelis@trashymail.com
2799,male,William,H,Blanchard,914 Camden Street,Lovelock,NV,89419,775-273-0517,1978/01/12,William.H.Blanchard@dodgit.com
2800,female,Catherine,R,Schoenrock,4775 Hickory Ridge Drive,Las Vegas,NV,89101,702-606-1362,1952/07/16,Catherine.R.Schoenrock@dodgit.com
2801,male,Robert,T,Scott,2783 Snyder Avenue,Charlotte,NC,28208,704-649-1792,1957/09/29,Robert.T.Scott@dodgit.com
2802,female,Rebecca,J,Rankins,3570 Eagle Drive,Livonia,MI,48150,734-819-9289,1983/02/12,Rebecca.J.Rankins@trashymail.com
2803,male,Geoffrey,L,Price,625 Ralph Drive,Lorain,OH,44055,440-240-5506,1942/08/26,Geoffrey.L.Price@trashymail.com
2804,male,Oliver,O,Goodson,3139 Zappia Drive,Lexington,KY,40507,859-302-4941,1974/06/13,Oliver.O.Goodson@dodgit.com
2805,female,Christine,K,Pope,2168 Oak Drive,Beekmantown,NY,12901,518-570-3651,1953/02/13,Christine.K.Pope@spambob.com
2806,female,Bonita,J,Richter,2717 Tully Street,Bloomfield Township,MI,48302,313-617-6977,1978/06/15,Bonita.J.Richter@dodgit.com
2807,female,Jean,M,Sanders,4221 Bel Meadow Drive,Los Angeles,CA,90017,909-298-4474,1951/02/24,Jean.M.Sanders@mailinator.com
2808,female,Willie,D,Weber,4573 Highland Drive,Plymouth,WI,53073,920-635-6445,1971/05/13,Willie.D.Weber@mailinator.com
2809,female,Maria,A,Rodriguez,1326 Webster Street,Neptune,NJ,07753,732-643-4353,1946/03/14,Maria.A.Rodriguez@trashymail.com
2810,male,Neil,W,Briganti,1253 Oak Ridge Drive,Columbia,MO,65202,573-529-8683,1965/06/27,Neil.W.Briganti@dodgit.com
2811,female,Melissa,A,Myer,1266 Cherry Tree Drive,Jacksonville,FL,32207,904-390-8642,1967/01/30,Melissa.A.Myer@trashymail.com
2812,male,Gerald,E,Nimmons,1393 Simpson Avenue,Shippensburg,PA,17257,717-860-2044,1942/12/04,Gerald.E.Nimmons@trashymail.com
2813,female,Carmen,J,Doner,4256 Rhapsody Street,Gainesville,FL,32601,352-374-4202,1973/06/17,Carmen.J.Doner@trashymail.com
2814,female,Evelyn,C,Clayton,815 Strother Street,Birmingham,AL,35244,205-682-4712,1979/02/24,Evelyn.C.Clayton@spambob.com
2815,female,Amy,R,Morse,2014 Airplane Avenue,Middletown,CT,06457,860-876-3044,1977/10/25,Amy.R.Morse@pookmail.com
2816,male,Tyler,D,Campbell,903 Bottom Lane,Buffalo,NY,14216,716-713-2965,1976/07/16,Tyler.D.Campbell@pookmail.com
2817,female,Karl,B,Wesson,1269 Lynn Avenue,Wausau,WI,54401,715-571-6541,1945/06/30,Karl.B.Wesson@trashymail.com
2818,female,Edith,P,Almanzar,1142 Hanover Street,New York,NY,10013,917-716-5375,1976/09/10,Edith.P.Almanzar@spambob.com
2819,female,Leona,K,Cox,3964 Simpson Square,Oklahoma City,OK,73102,580-606-1311,1964/09/27,Leona.K.Cox@spambob.com
2820,female,Marsha,W,Reed,1531 Tenmile Road,Cambridge,MA,02142,781-679-8113,1963/01/03,Marsha.W.Reed@pookmail.com
2821,female,Agnes,J,Vaughn,2818 Wilmar Farm Road,Monrovia,MD,21770,240-344-4735,1940/06/26,Agnes.J.Vaughn@pookmail.com
2822,male,Bryan,M,Jones,1299 Tully Street,Detroit,MI,48226,313-585-7483,1957/11/22,Bryan.M.Jones@dodgit.com
2823,male,Zachary,I,Poe,4576 Jerry Toth Drive,Elmendorf,AK,99506,907-551-8087,1959/01/12,Zachary.I.Poe@mailinator.com
2824,male,Benjamin,A,Lopez,1777 Tavern Place,Williamson,WV,25661,304-235-9983,1944/12/19,Benjamin.A.Lopez@spambob.com
2825,male,George,S,Duncan,4863 Drainer Avenue,Fort Walton Beach,FL,32548,850-621-4965,1965/10/24,George.S.Duncan@spambob.com
2826,female,Maria,C,Wood,2187 Broadway Street,Charleston,SC,29407,843-763-2429,1951/04/23,Maria.C.Wood@spambob.com
2827,male,Louis,L,Edmondson,924 Ashmor Drive,Deer River,MN,56636,218-246-4406,1985/09/21,Louis.L.Edmondson@pookmail.com
2828,female,Ernestine,D,Young,594 Elk Street,San Juan Capistrano,CA,92675,949-661-5803,1973/02/01,Ernestine.D.Young@dodgit.com
2829,male,Michael,M,Galgano,360 Roane Avenue,Savage,MD,20763,301-207-3477,1967/01/04,Michael.M.Galgano@spambob.com
2830,female,Maria,J,Vines,868 Sundown Lane,Austin,TX,78701,512-279-5961,1943/06/09,Maria.J.Vines@trashymail.com
2831,male,Carl,R,Carlton,652 Travis Street,Boynton Beach,FL,33436,772-672-6922,1955/04/21,Carl.R.Carlton@dodgit.com
2832,male,Gerardo,M,Boan,51 Mulberry Avenue,Conway,AR,72032,501-336-6434,1948/05/04,Gerardo.M.Boan@trashymail.com
2833,female,Anne,F,Cortez,2665 Hampton Meadows,Salem,MA,01970,978-354-6274,1980/12/01,Anne.F.Cortez@pookmail.com
2834,female,Nicole,A,Hoffman,3871 Nutter Street,Kansas City,MO,64110,816-276-7267,1958/06/18,Nicole.A.Hoffman@mailinator.com
2835,female,Becky,A,Byrne,2630 Lake Floyd Circle,Bethesda,MD,20817,301-983-1402,1981/12/23,Becky.A.Byrne@trashymail.com
2836,male,Winford,F,Ivy,3857 Hickory Street,Salt Lake City,UT,84104,801-755-0949,1961/02/27,Winford.F.Ivy@trashymail.com
2837,female,Gina,R,Roth,4137 Bailey Drive,Iowa City,IA,52240,319-331-2746,1983/10/20,Gina.R.Roth@dodgit.com
2838,female,Kristi,A,Garcia,3440 Rebecca Street,Wood Dale,IL,60191,847-750-8106,1948/10/13,Kristi.A.Garcia@mailinator.com
2839,male,Paul,M,George,2396 Zimmerman Lane,Los Angeles,CA,90017,213-506-4537,1984/02/26,Paul.M.George@trashymail.com
2840,female,Monique,T,Lopez,158 Cedar Lane,Boston,MA,02114,617-624-5232,1953/12/05,Monique.T.Lopez@trashymail.com
2841,male,Patrick,L,Owens,4565 Armbrester Drive,Torrance,CA,90503,310-540-8758,1978/08/06,Patrick.L.Owens@dodgit.com
2842,female,Martha,C,TRUE,276 Caldwell Road,Waterport,NY,14571,585-300-6122,1962/01/03,Martha.C.True@pookmail.com
2843,female,Lillie,M,Maclean,3096 Braxton Street,Manteno,IL,60950,815-468-4487,1953/07/31,Lillie.M.Maclean@trashymail.com
2844,female,Isabel,M,Adams,4858 Bastin Drive,Philadelphia,PA,19108,484-722-0360,1966/11/05,Isabel.M.Adams@mailinator.com
2845,female,Mary,W,Brim,3508 Buena Vista Avenue,Eugene,OR,97401,541-740-3352,1957/05/22,Mary.W.Brim@pookmail.com
2846,female,Whitney,H,Atencio,3584 Kincheloe Road,Portland,OR,97212,503-528-8857,1956/02/13,Whitney.H.Atencio@spambob.com
2847,male,Ronald,D,Williford,2151 Boone Street,Corpus Christi,TX,78476,361-273-8689,1949/04/04,Ronald.D.Williford@dodgit.com
2848,female,Eveline,M,Byron,3835 Anthony Avenue,Abilene,TX,79601,325-676-5926,1977/08/12,Eveline.M.Byron@spambob.com
2849,female,Faye,G,Russell,1718 Scheuvront Drive,Denver,CO,80222,303-504-9049,1979/04/07,Faye.G.Russell@spambob.com
2850,female,Alison,R,Lemon,1576 Lewis Street,Chicago,IL,60631,630-863-8567,1980/11/23,Alison.R.Lemon@dodgit.com
2851,female,Elizabeth,F,Hilton,1857 Passaic Street,Fort Lee,NJ,07024,201-461-8963,1958/11/20,Elizabeth.F.Hilton@dodgit.com
2852,female,Gladys,G,Machado,3438 Boggess Street,Dayton,OH,45402,937-917-5395,1942/09/21,Gladys.G.Machado@pookmail.com
2853,male,Zachary,M,Eck,664 Hanifan Lane,Buford,GA,30518,678-546-8934,1960/08/24,Zachary.M.Eck@trashymail.com
2854,male,Robert,T,Hopkins,2100 High Meadow Lane,Pittston,PA,18640,570-565-3996,1960/01/03,Robert.T.Hopkins@dodgit.com
2855,female,Clara,R,Prentice,4885 Sardis Station,Minneapolis,MN,55401,612-567-1443,1973/09/19,Clara.R.Prentice@pookmail.com
2856,male,James,M,Dorey,2300 Berkley Street,Norristown,PA,19403,484-823-3739,1960/02/01,James.M.Dorey@dodgit.com
2857,male,Christopher,J,Hartman,2968 Poplar Chase Lane,Post Falls,ID,83854,208-310-6724,1956/01/28,Christopher.J.Hartman@spambob.com
2858,male,John,J,Fortier,764 Liberty Avenue,Anaheim,CA,92805,714-502-5087,1967/03/27,John.J.Fortier@trashymail.com
2859,male,Paul,C,Niblett,2226 Garfield Road,Peoria,IL,61602,309-677-6799,1955/03/07,Paul.C.Niblett@spambob.com
2860,female,Kimberly,G,Mike,818 Eastland Avenue,Jackson,MS,39201,601-383-3011,1957/10/21,Kimberly.G.Mike@mailinator.com
2861,male,Todd,A,White,70 Hog Camp Road,Oak Park,IL,60300,708-445-3491,1965/07/08,Todd.A.White@pookmail.com
2862,female,Kathie,D,Bartholomew,3177 Davis Court,Metropolis,IL,62960,618-970-5298,1948/12/11,Kathie.D.Bartholomew@trashymail.com
2863,male,David,J,Lewis,2499 Davis Court,Metropolis,IL,62960,618-913-3359,1973/03/18,David.J.Lewis@pookmail.com
2864,female,Marcia,D,Rush,2678 Jail Drive,Pekin,IL,61554,309-885-6422,1973/05/24,Marcia.D.Rush@mailinator.com
2865,male,Richard,N,Mullins,4314 Hamilton Drive,Beaumont,TX,77701,409-951-4923,1940/06/20,Richard.N.Mullins@mailinator.com
2866,male,Tyrone,J,Neill,17 Memory Lane,Rockford,IL,61101,815-964-5218,1948/08/31,Tyrone.J.Neill@spambob.com
2867,male,Gerald,C,Price,1996 Thrash Trail,Tyler,TX,75702,903-596-7193,1970/04/30,Gerald.C.Price@spambob.com
2868,female,Angelica,R,Gilreath,3103 Grasselli Street,Manchester,NH,03109,603-384-6562,1959/04/21,Angelica.R.Gilreath@dodgit.com
2869,female,Phyllis,R,Case,4109 Windy Ridge Road,Fort Wayne,IN,46805,260-572-4052,1983/12/17,Phyllis.R.Case@mailinator.com
2870,male,Michael,T,Williams,142 Ferrell Street,Perham,MN,56573,218-346-8689,1968/02/17,Michael.T.Williams@trashymail.com
2871,female,Heidi,R,Ross,2226 Emily Renzelli Boulevard,Hollister,CA,95023,831-637-0132,1968/07/24,Heidi.R.Ross@pookmail.com
2872,male,Justin,N,Joseph,1383 Beech Street,Concord,CA,94520,925-798-9410,1983/02/11,Justin.N.Joseph@spambob.com
2873,female,Judy,L,Ramos,3923 Todds Lane,San Antonio,TX,78205,210-527-3635,1944/05/26,Judy.L.Ramos@dodgit.com
2874,male,Morgan,P,Lennon,2166 Viking Drive,Chillicothe,OH,45601,740-703-7495,1974/10/05,Morgan.P.Lennon@dodgit.com
2875,female,Sara,F,Jensen,3189 Fire Access Road,Yadkinville,NC,27055,336-849-6604,1969/07/13,Sara.F.Jensen@pookmail.com
2876,female,Dana,T,Thacker,4156 Byrd Lane,New Orleans,LA,70117,504-947-4074,1953/12/26,Dana.T.Thacker@dodgit.com
2877,male,Clayton,E,Williams,4561 Berkshire Circle,Knoxville,TN,37917,865-813-1429,1974/11/25,Clayton.E.Williams@trashymail.com
2878,female,Michelle,J,Corbin,3914 Clair Street,Waco,TX,76701,254-750-3680,1969/12/14,Michelle.J.Corbin@dodgit.com
2879,female,Charlotte,M,Harris,1167 Rinehart Road,Miramar,FL,33025,786-325-9946,1949/04/29,Charlotte.M.Harris@trashymail.com
2880,male,Jason,C,Bonetti,2162 Werninger Street,Houston,TX,77032,832-687-9024,1970/05/01,Jason.C.Bonetti@spambob.com
2881,male,Robert,B,Lovejoy,249 Amethyst Drive,Lansing,MI,48933,517-290-2150,1944/07/25,Robert.B.Lovejoy@spambob.com
2882,male,Francis,L,Muldowney,1128 Giraffe Hill Drive,Irving,TX,75062,972-257-4115,1980/04/13,Francis.L.Muldowney@trashymail.com
2883,female,Brooke,T,Whitmore,225 Owagner Lane,Seattle,WA,98101,206-326-2413,1966/12/22,Brooke.T.Whitmore@dodgit.com
2884,female,Patricia,J,Rodriguez,3688 Barnes Street,Orlando,FL,32801,407-235-5614,1958/01/10,Patricia.J.Rodriguez@trashymail.com
2885,female,Sherrie,S,Whitney,2355 Oak Lane,Davis City,MO,50065,660-735-8898,1956/02/12,Sherrie.S.Whitney@trashymail.com
2886,female,Laureen,Z,Berry,2906 Ethels Lane,Winter Haven,FL,33830,863-661-3688,1963/02/28,Laureen.Z.Berry@spambob.com
2887,male,Julio,M,Taylor,411 Raintree Boulevard,Richmond,IN,47374,765-241-8497,1962/07/12,Julio.M.Taylor@mailinator.com
2888,male,John,A,Roark,709 Cook Hill Road,Wallingford,CT,06492,203-526-8039,1954/02/11,John.A.Roark@pookmail.com
2889,female,Theresa,J,White,4332 Irving Place,Hillsboro,MO,63050,636-299-7237,1957/01/24,Theresa.J.White@pookmail.com
2890,female,Nancy,M,High,113 Seltice Way,Albion,ID,83311,208-673-3826,1951/12/03,Nancy.M.High@dodgit.com
2891,female,Elizabeth,S,Rosales,740 Point Street,Chicago,IL,60643,773-881-5818,1950/11/19,Elizabeth.S.Rosales@trashymail.com
2892,male,Mark,A,Willett,2915 Columbia Road,Greenwood Village,CO,80111,303-206-3459,1983/01/13,Mark.A.Willett@trashymail.com
2893,female,Roberta,S,Shultz,4360 Eva Pearl Street,Baton Rouge,LA,70806,225-751-6996,1971/03/31,Roberta.S.Shultz@trashymail.com
2894,male,Timothy,S,Stockard,4906 Felosa Drive,Brownwood,TX,76801,325-203-6629,1972/06/11,Timothy.S.Stockard@pookmail.com
2895,male,Samuel,P,Bryant,4122 Nutters Barn Lane,Urbandale,IA,50322,515-778-3143,1962/10/14,Samuel.P.Bryant@trashymail.com
2896,female,Candace,N,Simons,1644 Deans Lane,New York,NY,10011,914-840-4414,1970/10/21,Candace.N.Simons@spambob.com
2897,male,Peter,K,Newbill,635 Sun Valley Road,Spokane,WA,99201,509-835-6857,1962/05/21,Peter.K.Newbill@spambob.com
2898,male,Rodney,M,Woods,1069 Holden Street,San Diego,CA,92107,619-225-8434,1946/11/07,Rodney.M.Woods@spambob.com
2899,female,Kristyn,C,Jones,1958 Kelly Drive,Bridgeport,WV,26330,304-842-5588,1977/03/15,Kristyn.C.Jones@pookmail.com
2900,male,Daniel,J,Allen,3520 My Drive,New York,NY,10011,347-252-0475,1977/07/01,Daniel.J.Allen@trashymail.com
2901,male,Omar,S,Crow,4847 Roane Avenue,Beltsville,MD,20705,301-237-6116,1971/08/01,Omar.S.Crow@mailinator.com
2902,male,Scott,M,Sullivan,3431 Medical Center Drive,Tampa,FL,33614,941-587-1581,1954/01/26,Scott.M.Sullivan@trashymail.com
2903,female,Patricia,R,Horvath,2756 Bird Spring Lane,Sugar Land,TX,77487,281-494-7560,1955/09/15,Patricia.R.Horvath@trashymail.com
2904,male,Ray,J,Ledford,3046 Hillcrest Lane,Santa Ana,CA,92704,949-793-9540,1975/05/18,Ray.J.Ledford@spambob.com
2905,male,David,S,Weber,4476 May Street,Morehead,KY,40351,606-356-7032,1972/03/26,David.S.Weber@spambob.com
2906,female,Tina,R,Turk,4470 Goosetown Drive,Arden,NC,28704,828-605-1442,1959/06/19,Tina.R.Turk@trashymail.com
2907,female,Easter,J,Medina,2753 John Calvin Drive,Chicago,IL,60607,708-937-6627,1969/06/27,Easter.J.Medina@pookmail.com
2908,male,Ernest,B,Murray,1493 Airplane Avenue,Thompson,CT,06255,860-923-5479,1974/07/17,Ernest.B.Murray@dodgit.com
2909,male,Terry,E,Payton,2320 Stiles Street,Pittsburgh,PA,15237,412-630-9148,1947/02/10,Terry.E.Payton@spambob.com
2910,female,Kristine,D,Weisinger,4139 Lynch Street,Appleton,WI,54911,920-991-3906,1947/03/12,Kristine.D.Weisinger@mailinator.com
2911,female,Diana,E,Hutter,4732 Radford Street,Louisville,KY,40299,502-303-1588,1972/03/23,Diana.E.Hutter@mailinator.com
2912,female,Doris,W,Sosa,1254 Elliot Avenue,Seattle,WA,98115,206-529-3211,1984/02/24,Doris.W.Sosa@pookmail.com
2913,female,Leslee,M,Oneal,640 Findley Avenue,Grand Forks,ND,58203,701-780-2988,1940/09/24,Leslee.M.Oneal@dodgit.com
2914,male,Robert,P,Emanuel,779 Pleasant Hill Road,Pomona,CA,91766,562-204-5175,1970/05/23,Robert.P.Emanuel@trashymail.com
2915,female,Blanche,M,Lunn,4543 Woodland Avenue,Port Sulphur,LA,70083,985-564-9598,1978/10/04,Blanche.M.Lunn@dodgit.com
2916,male,Levi,D,Nichols,1877 Junkins Avenue,Albany,GA,31707,229-403-9573,1969/01/31,Levi.D.Nichols@pookmail.com
2917,male,Adrian,L,Cisneros,1401 Ridge Road,Wichita,KS,67202,620-708-0964,1966/12/29,Adrian.L.Cisneros@pookmail.com
2918,female,Jill,J,Porras,2402 Kidd Avenue,Valdez,AK,99686,907-831-9734,1970/05/07,Jill.J.Porras@pookmail.com
2919,male,Joseph,A,Sanders,2634 Rosewood Lane,New York,NY,10018,212-947-2191,1956/06/10,Joseph.A.Sanders@mailinator.com
2920,female,Carrie,R,Lee,761 Kelley Road,Biloxi,MS,39530,228-374-7494,1978/08/14,Carrie.R.Lee@mailinator.com
2921,male,George,M,Johnson,793 Bicetown Road,New York,NY,10013,917-362-9465,1974/06/20,George.M.Johnson@dodgit.com
2922,female,Lisa,J,Thompson,2849 Wyatt Street,Fort Lauderdale,FL,33301,561-427-3173,1971/06/29,Lisa.J.Thompson@dodgit.com
2923,female,Lois,E,Heckman,978 Philli Lane,Inola,OK,74036,918-543-7445,1963/08/22,Lois.E.Heckman@dodgit.com
2924,female,Jeannine,H,Bronson,2647 Big Elm,Overland Park,MO,64110,816-809-0119,1977/01/09,Jeannine.H.Bronson@spambob.com
2925,male,Jose,L,Law,2388 Sycamore Road,Fort Klamath,OR,97626,541-381-8686,1943/07/31,Jose.L.Law@trashymail.com
2926,female,Jennifer,M,Kelsey,4987 Echo Lane,Kalamazoo,MI,49007,269-762-9365,1955/01/24,Jennifer.M.Kelsey@dodgit.com
2927,female,Aimee,S,Frisby,1053 Camden Place,St. Helena Island,SC,29920,843-838-7503,1955/08/12,Aimee.S.Frisby@trashymail.com
2928,female,Lyndsay,M,Sabatino,2384 Carter Street,St Libory,IL,62282,618-768-4762,1965/05/11,Lyndsay.M.Sabatino@pookmail.com
2929,male,Carl,L,Mcclure,1378 Circle Drive,Houston,TX,77098,832-518-6508,1940/09/11,Carl.L.Mcclure@pookmail.com
2930,male,Andrew,Y,Cushing,4513 Ashcraft Court,San Diego,CA,92103,619-353-2748,1976/09/03,Andrew.Y.Cushing@mailinator.com
2931,female,Patricia,T,Brown,1887 Emerson Road,Natchitoches,LA,71457,318-808-4978,1963/01/14,Patricia.T.Brown@mailinator.com
2932,female,Heather,S,Sutton,2954 Allison Avenue,Norfolk,VA,23502,757-589-2451,1944/04/29,Heather.S.Sutton@spambob.com
2933,male,Elmer,P,Brown,3726 Gordon Street,Fullerton,CA,93632,909-533-9820,1967/10/14,Elmer.P.Brown@spambob.com
2934,male,Joseph,T,Taylor,3586 Poplar Avenue,Imperial Beach,CA,92032,619-628-0846,1947/07/29,Joseph.T.Taylor@mailinator.com
2935,male,Angel,E,Buck,2788 Star Trek Drive,Mobile,FL,36602,850-366-5779,1945/01/26,Angel.E.Buck@mailinator.com
2936,female,Maxine,A,Cooke,1422 Frederick Street,Sacramento,CA,95814,916-264-6577,1953/03/07,Maxine.A.Cooke@dodgit.com
2937,male,Charles,A,Mcdonald,3939 Kimberly Way,Sparta,MI,49345,616-887-5496,1955/09/03,Charles.A.Mcdonald@dodgit.com
2938,female,Jean,K,Patterson,981 Vine Street,Chicago,IL,60606,847-629-8236,1951/03/05,Jean.K.Patterson@mailinator.com
2939,male,Scott,J,Gee,3187 Lynn Street,North Billerica,MA,01862,617-285-7321,1949/07/20,Scott.J.Gee@trashymail.com
2940,male,Larry,E,Farmer,900 Freed Drive,Stockton,CA,95219,209-613-7654,1944/02/14,Larry.E.Farmer@spambob.com
2941,male,Matthew,B,Holbrook,2985 Locust Street,Ellaville,GA,31806,229-937-7857,1954/11/26,Matthew.B.Holbrook@mailinator.com
2942,female,Marilyn,H,Potter,2198 Duffy Street,Gary,IN,46402,219-789-3844,1955/06/05,Marilyn.H.Potter@spambob.com
2943,female,Venessa,A,Steele,3108 Vernon Street,Carlsbad,CA,92008,760-720-0655,1973/10/25,Venessa.A.Steele@dodgit.com
2944,female,Vicky,J,Sinkler,2490 Tanglewood Road,Jackson,MS,39201,662-808-8279,1983/12/29,Vicky.J.Sinkler@dodgit.com
2945,female,Kathryn,T,Walker,2902 Polk Street,Sacramento,CA,95814,530-202-0686,1966/10/17,Kathryn.T.Walker@dodgit.com
2946,male,Daniel,C,Vaccaro,2046 Eastland Avenue,Laurel,MS,39440,601-422-4417,1985/02/04,Daniel.C.Vaccaro@dodgit.com
2947,female,Judith,R,Crandall,1052 Maple Court,Sikeston,MO,63801,573-385-2383,1962/12/01,Judith.R.Crandall@trashymail.com
2948,male,Joseph,G,Avila,4231 Oakmound Drive,Chicago,IL,60607,773-336-0517,1969/03/07,Joseph.G.Avila@trashymail.com
2949,male,Philip,A,Thomas,2573 Murphy Court,Prior Lake,MN,55372,952-224-9620,1977/01/16,Philip.A.Thomas@spambob.com
2950,male,Daryl,A,Purser,1430 Ruckman Road,Oklahoma City,OK,73162,405-728-5107,1966/06/14,Daryl.A.Purser@mailinator.com
2951,female,Gloria,R,Baker,4006 Southern Street,Levittown,NY,11756,516-648-6804,1975/10/25,Gloria.R.Baker@pookmail.com
2952,male,Brendan,M,Reese,2598 Viking Drive,Albany,OH,45710,740-698-8875,1983/06/03,Brendan.M.Reese@mailinator.com
2953,female,Nancy,D,Christ,2467 Bicetown Road,New York,NY,10013,917-359-8097,1967/10/28,Nancy.D.Christ@spambob.com
2954,female,Elsa,J,Allen,4508 Marigold Lane,Miami,FL,33165,305-485-4568,1982/02/10,Elsa.J.Allen@pookmail.com
2955,female,Elizabeth,B,Robinson,4964 Norma Avenue,Mansfield,OH,44907,937-243-7056,1985/05/10,Elizabeth.B.Robinson@pookmail.com
2956,female,Chrystal,L,Nordstrom,75 Crowfield Road,Phoenix,AZ,85023,602-843-1932,1951/06/09,Chrystal.L.Nordstrom@dodgit.com
2957,female,Kimberly,R,Glover,4362 Garfield Road,Peoria,IL,61602,309-637-0585,1969/02/22,Kimberly.R.Glover@dodgit.com
2958,female,Elizabeth,J,Santana,4262 Pearl Street,Folsom,CA,95630,916-351-6869,1969/04/25,Elizabeth.J.Santana@trashymail.com
2959,male,Thurman,I,Lucas,913 Ferrell Street,Roosevelt,MN,56673,218-442-9927,1973/11/07,Thurman.I.Lucas@spambob.com
2960,female,Helen,R,Myers,419 Ritter Street,Athens,AL,35611,256-230-3343,1970/10/17,Helen.R.Myers@spambob.com
2961,male,Richard,J,Miller,4607 Hardesty Street,Albany,NY,12207,518-427-1969,1968/02/24,Richard.J.Miller@mailinator.com
2962,male,Phillip,S,Baker,1480 Shingleton Road,Oshtemo,MI,49077,269-376-0201,1951/10/07,Phillip.S.Baker@dodgit.com
2963,female,Cherri,D,Colon,1022 Shadowmar Drive,New Orleans,LA,70115,504-896-2249,1968/10/15,Cherri.D.Colon@spambob.com
2964,female,Audrey,R,Allen,393 Taylor Street,Dobbs Ferry,NY,10522,914-591-5261,1979/11/11,Audrey.R.Allen@pookmail.com
2965,male,Joshua,K,Kelly,3394 Crosswind Drive,Leitchfield,KY,42754,270-899-1055,1961/05/26,Joshua.K.Kelly@trashymail.com
2966,female,Dian,P,Mcewen,2032 Cottrill Lane,Saint Louis,MO,63108,314-423-1978,1948/01/07,Dian.P.Mcewen@pookmail.com
2967,male,Carlos,A,Krause,4141 Jessie Street,Chillicothe,OH,45601,740-663-2654,1947/08/07,Carlos.A.Krause@dodgit.com
2968,female,Sandra,P,Hardin,3106 College View,Highland,IL,62249,618-654-2610,1954/07/25,Sandra.P.Hardin@dodgit.com
2969,female,Ginger,R,Osgood,3043 Nelm Street,Washington,VA,20200,571-283-9195,1951/10/19,Ginger.R.Osgood@spambob.com
2970,male,Thomas,E,Perry,3245 County Line Road,Tampa,FL,33634,727-687-8572,1955/10/22,Thomas.E.Perry@pookmail.com
2971,female,Margie,R,Morlan,4634 Kessla Way,Charleston,SC,29401,843-285-1646,1967/05/02,Margie.R.Morlan@spambob.com
2972,male,Anthony,H,Lanham,4084 Turkey Pen Lane,Dozier,AL,36028,334-496-2283,1968/12/26,Anthony.H.Lanham@mailinator.com
2973,female,Susan,A,Woods,4466 Vine Street,Chicago,IL,60631,847-588-9029,1948/01/27,Susan.A.Woods@pookmail.com
2974,female,Hillary,S,Tillman,2715 Still Pastures Drive,Augusta,SC,30901,803-480-7348,1950/02/01,Hillary.S.Tillman@mailinator.com
2975,male,Kevin,V,Talbott,4332 Hanover Street,Whitestone,NY,11357,917-734-1456,1974/08/22,Kevin.V.Talbott@trashymail.com
2976,female,Jessica,B,Ledford,4282 White Avenue,Corpus Christi,TX,78401,361-673-7163,1968/07/30,Jessica.B.Ledford@mailinator.com
2977,male,Angelo,M,James,2750 Ryan Road,Roslyn,SD,57261,605-486-1238,1955/12/01,Angelo.M.James@pookmail.com
2978,male,Christopher,A,Mcdaniels,4677 Joseph Street,Milwaukee,WI,53202,262-832-4852,1969/10/28,Christopher.A.Mcdaniels@spambob.com
2979,female,Tammy,J,Gorham,3606 Goff Avenue,Grand Rapids,MI,49503,269-537-7027,1949/09/08,Tammy.J.Gorham@mailinator.com
2980,male,Carl,P,Mauriello,2905 Junior Avenue,Atlanta,GA,30329,404-553-6088,1950/09/13,Carl.P.Mauriello@trashymail.com
2981,male,Reggie,S,Saleh,2050 Blair Court,Blairstown,MO,64726,660-498-1886,1952/08/19,Reggie.S.Saleh@dodgit.com
2982,male,William,J,Jackson,1366 White Lane,Rentz,GA,31075,478-983-0763,1955/03/05,William.J.Jackson@dodgit.com
2983,male,Gene,T,Wood,2937 Nash Street,Southfield,MI,48075,313-257-8112,1975/07/13,Gene.T.Wood@mailinator.com
2984,female,Amy,B,Pearson,208 Red Bud Lane,Rochelle Park,NJ,07662,862-370-4152,1952/05/20,Amy.B.Pearson@pookmail.com
2985,male,Jonathan,K,Hoerner,264 Hill Haven Drive,Hewitt,TX,76643,254-203-8170,1976/07/30,Jonathan.K.Hoerner@pookmail.com
2986,female,Carol,C,Westcott,1963 Moore Avenue,Fort Worth,TX,76102,817-761-2177,1963/01/04,Carol.C.Westcott@dodgit.com
2987,female,Helen,M,Milan,276 Veltri Drive,Ewen,MI,49925,906-988-4669,1971/01/18,Helen.M.Milan@trashymail.com
2988,male,Gary,R,Roesler,413 Waterview Lane,Santa Fe,NM,87501,505-476-1462,1960/07/14,Gary.R.Roesler@pookmail.com
2989,male,Jimmy,E,Blanton,3310 Coulter Lane,Richmond,VA,23235,804-272-0526,1950/01/21,Jimmy.E.Blanton@pookmail.com
2990,male,Peter,S,Young,4471 Milford Street,Manchester,NH,03101,603-656-7443,1984/02/04,Peter.S.Young@dodgit.com
2991,male,Jackie,S,Palmer,740 Benson Street,Wausau,WI,54403,715-261-5307,1948/02/14,Jackie.S.Palmer@dodgit.com
2992,female,Sacha,J,Andrews,4347 Big Elm,Kansas City,MO,64110,816-822-4106,1980/08/28,Sacha.J.Andrews@dodgit.com
2993,female,June,D,Chamberlain,3788 Waldeck Street,Fort Worth,TX,76102,817-380-7338,1965/06/14,June.D.Chamberlain@spambob.com
2994,male,Matt,L,Anderson,3277 Bruce Street,Maryland Heights,MO,63043,314-369-7292,1984/04/10,Matt.L.Anderson@spambob.com
2995,female,Hazel,A,Renner,1217 Briarhill Lane,Akron,OH,44304,330-268-8449,1979/11/18,Hazel.A.Renner@dodgit.com
2996,female,Milagros,S,Warren,325 Terra Cotta Street,Kelliher,MN,56650,218-647-7599,1946/07/09,Milagros.S.Warren@pookmail.com
2997,male,Riley,S,Day,4820 My Drive,New York,NY,10036,347-291-1966,1947/06/22,Riley.S.Day@mailinator.com
2998,male,Randy,J,Carn,8 Scenicview Drive,Midland,TX,79701,432-207-5781,1974/09/19,Randy.J.Carn@dodgit.com
2999,male,Rene,J,Hatchett,4601 Parkway Drive,Tucson,AZ,85701,520-545-4686,1971/02/17,Rene.J.Hatchett@dodgit.com
3000,female,Effie,S,Bradberry,4065 Chicago Avenue,Fresno,CA,93721,559-619-7731,1959/12/29,Effie.S.Bradberry@pookmail.com
