ID,Gender,Firstname,Middle,Lastname,Address,City,State,Zipcode,Telephone,Birthday,Email
1801,female,Lillian,K,Keller,722 North Bend River Road,Lexington,KY,40505,606-790-9584,1978/09/17,Lillian.K.Keller@pookmail.com
1802,male,Shane,R,Ortez,2395 Dogwood Lane,Coolidge,AZ,85228,520-723-5386,1978/10/18,Shane.R.Ortez@mailinator.com
1803,female,Lorie,J,Sullivan,4769 Virginia Street,River Grove,IL,60171,773-625-6185,1951/10/11,Lorie.J.Sullivan@pookmail.com
1804,female,Wanda,E,Hanshaw,2335 Richards Avenue,Stockton,CA,95204,209-926-6642,1970/05/19,Wanda.E.Hanshaw@spambob.com
1805,female,Diane,B,Kimes,982 Norma Avenue,Dayton,OH,45406,937-232-7788,1946/11/06,Diane.B.Kimes@pookmail.com
1806,female,Emma,S,Chestnut,3030 Broadway Street,Charleston,SC,29407,843-766-3816,1977/02/26,Emma.S.Chestnut@trashymail.com
1807,female,Tiffany,E,Gowans,2205 Duffy Street,Michigan City,IN,46360,219-877-9792,1943/02/10,Tiffany.E.Gowans@pookmail.com
1808,male,Andrew,A,Stringer,1302 Turkey Pen Lane,Enterprise,AL,36330,334-465-4814,1985/03/13,Andrew.A.Stringer@trashymail.com
1809,male,Kenneth,G,Newkirk,3195 Foley Street,Miami,FL,33176,954-648-8572,1969/12/15,Kenneth.G.Newkirk@dodgit.com
1810,female,Guadalupe,W,Clarke,2716 Williams Lane,Wichita,KS,67218,316-618-7664,1951/05/14,Guadalupe.W.Clarke@mailinator.com
1811,male,Arnoldo,L,Brotherton,1889 Libby Street,Santa Monica,CA,90405,310-314-8710,1960/09/08,Arnoldo.L.Brotherton@dodgit.com
1812,female,Tina,J,Byrne,1162 Coal Street,Bradford,PA,16701,814-363-8375,1957/12/11,Tina.J.Byrne@mailinator.com
1813,male,John,M,Balderas,2912 Tanglewood Road,Jackson,MS,39201,662-809-8733,1971/03/19,John.M.Balderas@trashymail.com
1814,male,Mark,R,Mills,210 Lost Creek Road,King Of Prussia,PA,19406,610-962-1085,1975/04/10,Mark.R.Mills@mailinator.com
1815,male,David,H,Banks,4307 Hanover Street,New York,NY,10013,917-699-5643,1945/03/03,David.H.Banks@spambob.com
1816,female,Judith,W,Jackson,3631 Nutter Street,Kansas City,MO,64127,816-212-1583,1978/06/28,Judith.W.Jackson@trashymail.com
1817,male,Cecil,A,Arnold,807 Coleman Avenue,San Marcos,CA,92069,760-744-4579,1946/09/07,Cecil.A.Arnold@dodgit.com
1818,male,David,V,Furlong,4906 Lakeland Park Drive,Douglasville,GA,30134,770-577-3027,1958/12/09,David.V.Furlong@spambob.com
1819,male,Gerard,S,Kirby,969 Red Hawk Road,Maple Lake,MN,55358,320-963-3262,1983/06/27,Gerard.S.Kirby@dodgit.com
1820,female,Jillian,B,Brock,3793 Still Pastures Drive,Aiken,SC,29801,803-502-7283,1959/02/26,Jillian.B.Brock@trashymail.com
1821,male,Marcus,R,Lester,1472 Whitetail Lane,Dallas,TX,75207,469-253-3513,1948/04/27,Marcus.R.Lester@dodgit.com
1822,male,Thomas,W,Maxwell,4394 Bagwell Avenue,Ocala,FL,34471,352-598-2008,1979/07/27,Thomas.W.Maxwell@spambob.com
1823,female,Kimberly,C,Waters,4903 North Bend River Road,Russell,KY,41169,606-831-3527,1975/05/24,Kimberly.C.Waters@pookmail.com
1824,male,Edward,D,Wright,3060 Henry Ford Avenue,Tahlequah,OK,74464,918-207-5463,1981/09/23,Edward.D.Wright@trashymail.com
1825,female,Joanne,E,Reed,4938 Saint Francis Way,Portland,PA,97205,267-245-5766,1952/09/25,Joanne.E.Reed@mailinator.com
1826,female,Debra,J,Barrett,596 Valley Drive,Philadelphia,PA,19108,267-372-2155,1965/11/01,Debra.J.Barrett@pookmail.com
1827,female,Angelina,N,Larson,100 Victoria Street,Baton Rouge,LA,70802,225-267-9185,1976/08/28,Angelina.N.Larson@trashymail.com
1828,male,Leonardo,O,Glynn,121 Kelly Drive,Clarksburg,WV,26301,304-904-3324,1977/07/14,Leonardo.O.Glynn@dodgit.com
1829,male,Wilbur,V,Mack,3049 Fleming Way,Richmond,VA,23219,804-692-6515,1948/11/03,Wilbur.V.Mack@mailinator.com
1830,male,Gerardo,R,Schwan,2344 Gnatty Creek Road,Deerpark,NY,11729,516-389-9138,1980/04/21,Gerardo.R.Schwan@spambob.com
1831,male,Gregory,J,Lowell,4341 Pretty View Lane,Elk,CA,95432,707-877-0729,1950/10/26,Gregory.J.Lowell@spambob.com
1832,male,David,J,Yi,70 Brannon Avenue,Jacksonville,FL,32202,904-814-2130,1973/03/25,David.J.Yi@dodgit.com
1833,male,George,V,Freund,4990 Oliverio Drive,Fowler,KS,67844,620-646-4007,1964/11/01,George.V.Freund@dodgit.com
1834,male,David,J,Butler,2441 Melrose Street,Moses Lake,WA,98837,509-898-4556,1985/02/19,David.J.Butler@pookmail.com
1835,female,Linda,A,Stewart,2543 School House Road,Waynesboro,MS,39367,601-735-0950,1941/08/11,Linda.A.Stewart@mailinator.com
1836,female,Kara,A,Workman,1485 Langtown Road,La Motte,IA,52054,563-773-9820,1944/05/08,Kara.A.Workman@dodgit.com
1837,female,Juanita,R,Johnson,1709 Fleming Way,Gloucester,VA,23061,804-694-7832,1977/10/15,Juanita.R.Johnson@spambob.com
1838,male,John,E,Pellegrin,4539 Thunder Road,San Francisco,CA,94108,650-576-1769,1979/03/18,John.E.Pellegrin@dodgit.com
1839,female,Kimberly,J,Mccoy,3793 Doctors Drive,Riverside,CA,92507,310-382-1183,1964/06/24,Kimberly.J.Mccoy@trashymail.com
1840,male,Roy,J,Grubb,1578 Stonepot Road,Newark,NJ,07102,908-458-0909,1980/07/05,Roy.J.Grubb@spambob.com
1841,female,Paula,J,Cooper,2494 Twin House Lane,Springfield,MO,65806,417-555-5266,1980/01/10,Paula.J.Cooper@spambob.com
1842,male,Barry,J,Pierce,26 Brooklyn Street,Portland,OR,97205,541-241-6185,1945/02/25,Barry.J.Pierce@mailinator.com
1843,female,Anna,J,Johnson,1849 Richland Avenue,Sugar Land,TX,77487,281-262-1452,1946/12/30,Anna.J.Johnson@spambob.com
1844,female,Glenda,C,Alexander,501 Fleming Street,Enterprise,AL,36330,334-390-9544,1969/06/09,Glenda.C.Alexander@pookmail.com
1845,male,Russell,B,Schroeter,778 Filbert Street,Philadelphia,PA,19108,610-880-7796,1980/07/21,Russell.B.Schroeter@dodgit.com
1846,female,Ellen,J,Reiley,4026 Timberbrook Lane,Denver,CO,80202,970-343-2165,1974/11/20,Ellen.J.Reiley@pookmail.com
1847,male,Arthur,B,Wilson,1893 Leroy Lane,Ashland,KY,41114,606-232-5630,1949/08/27,Arthur.B.Wilson@mailinator.com
1848,female,Dorothy,W,Casiano,3631 Terry Lane,Apopka,FL,32703,321-322-1198,1954/05/15,Dorothy.W.Casiano@trashymail.com
1849,female,Audrey,R,Aponte,3120 Meadowcrest Lane,Lexington,KY,40507,606-388-2328,1969/06/01,Audrey.R.Aponte@mailinator.com
1850,male,Larry,H,Carstarphen,3853 Roguski Road,Natchitoches,LA,71457,318-271-1448,1982/10/31,Larry.H.Carstarphen@mailinator.com
1851,female,Cecilia,K,Ligon,4501 Grove Avenue,Tishomingo,OK,73460,580-371-6805,1981/07/26,Cecilia.K.Ligon@mailinator.com
1852,female,Socorro,C,Doran,1564 Elliot Avenue,Seattle,WA,98119,206-496-1523,1942/02/18,Socorro.C.Doran@dodgit.com
1853,female,Bernice,T,Knudsen,123 Sherwood Circle,Lafayette,LA,70501,337-271-6831,1961/05/17,Bernice.T.Knudsen@trashymail.com
1854,male,James,L,Kaplan,3499 Union Street,Seattle,WA,98109,206-671-3536,1952/11/02,James.L.Kaplan@spambob.com
1855,male,Bernard,F,Christensen,4498 Elmwood Avenue,Tempe,AZ,85281,480-929-6102,1957/05/03,Bernard.F.Christensen@mailinator.com
1856,male,Leroy,P,Matney,4134 Quiet Valley Lane,Sepulveda,CA,91343,818-920-7590,1943/05/28,Leroy.P.Matney@mailinator.com
1857,female,Patricia,R,Orth,27 Lightning Point Drive,Memphis,TN,38117,901-432-5547,1975/02/01,Patricia.R.Orth@dodgit.com
1858,female,Alexandria,E,Osborn,1526 Hall Street,Las Vegas,NV,89101,702-442-3369,1947/10/17,Alexandria.E.Osborn@dodgit.com
1859,female,Marilyn,J,Flores,3379 Victoria Court,Camden,ME,04843,207-470-5563,1975/07/31,Marilyn.J.Flores@dodgit.com
1860,male,Louis,M,Lurie,1883 Briarwood Road,Springfield,MO,65804,417-875-9015,1975/09/25,Louis.M.Lurie@mailinator.com
1861,female,Veronica,C,Meisner,4033 Fleming Street,Columbus,AL,31901,334-381-3788,1954/05/16,Veronica.C.Meisner@spambob.com
1862,female,Amanda,N,Peters,851 Wiseman Street,Oak Ridge,TN,37830,865-482-1442,1962/08/28,Amanda.N.Peters@dodgit.com
1863,male,Jason,C,Yoon,2312 Filbert Street,Paoli,PA,19301,610-889-9412,1979/04/12,Jason.C.Yoon@spambob.com
1864,female,Kristi,V,Walter,4626 Quarry Drive,Dothan,AL,36303,334-776-2591,1976/02/08,Kristi.V.Walter@trashymail.com
1865,female,Marilyn,B,Parsons,815 Lady Bug Drive,Canon City,CO,81212,719-204-8891,1964/12/25,Marilyn.B.Parsons@spambob.com
1866,female,Leona,G,Byrd,4492 Elk City Road,Indianapolis,IN,46205,317-941-7574,1967/05/18,Leona.G.Byrd@dodgit.com
1867,female,Joyce,J,Savage,4944 Sigley Road,Topeka,KS,66608,785-575-4578,1943/04/26,Joyce.J.Savage@dodgit.com
1868,female,Tina,R,Aubuchon,3425 Andell Road,Worthington,OH,43085,614-937-7512,1947/06/13,Tina.R.Aubuchon@spambob.com
1869,female,Sharon,J,Fortner,1618 Wolf Pen Road,Burlingame,CA,94010,650-340-0331,1947/12/17,Sharon.J.Fortner@trashymail.com
1870,female,Christa,J,Hanson,2807 Hillcrest Drive,Tacoma,WA,98408,253-405-0137,1975/07/30,Christa.J.Hanson@dodgit.com
1871,male,Robert,C,Shelton,4206 Bubby Drive,Austin,TX,78756,512-420-9049,1981/05/23,Robert.C.Shelton@trashymail.com
1872,male,Wesley,F,Johnston,4557 Steele Street,Hickory Hills,IL,60457,630-712-3609,1979/09/22,Wesley.F.Johnston@mailinator.com
1873,male,Thomas,C,Hurd,415 Carson Street,Lexington,KY,40509,859-263-9716,1974/12/20,Thomas.C.Hurd@spambob.com
1874,female,Jane,E,Dudley,3810 Lake Forest Drive,Fort Worth,KS,76102,913-892-3571,1959/12/01,Jane.E.Dudley@trashymail.com
1875,male,Sergio,V,Lindsay,4491 Honeysuckle Lane,Deming,WA,98244,360-592-5489,1976/01/17,Sergio.V.Lindsay@dodgit.com
1876,male,James,I,Johnson,597 Jerry Dove Drive,Charleston,SC,29403,843-514-2235,1961/02/18,James.I.Johnson@dodgit.com
1877,female,Candice,J,Stephens,2200 Paradise Lane,Fullerton,CA,93632,909-728-1168,1942/11/22,Candice.J.Stephens@spambob.com
1878,female,Annette,K,Johnson,973 Modoc Alley,Boise,ID,83702,208-890-4071,1960/10/18,Annette.K.Johnson@dodgit.com
1879,female,Kathleen,D,Cody,2576 Bedford Street,Huntington,CT,06484,203-926-8356,1948/02/08,Kathleen.D.Cody@mailinator.com
1880,male,Gary,J,Vasquez,2892 Wayback Lane,East Hampton,NY,11937,631-329-6422,1985/09/13,Gary.J.Vasquez@mailinator.com
1881,female,Brandi,S,Stephens,692 Gore Street,Sugar Land,TX,77478,713-549-3828,1969/09/15,Brandi.S.Stephens@dodgit.com
1882,male,Eric,L,Foley,1826 Farland Avenue,Laredo,TX,78041,830-421-2220,1978/07/10,Eric.L.Foley@mailinator.com
1883,female,Ann,B,Poore,1570 Fleming Way,Richmond,VA,23228,804-803-3818,1976/12/28,Ann.B.Poore@dodgit.com
1884,female,Hannah,B,Parsons,4347 Bird Street,Vallecitos,NM,87581,505-582-5430,1951/02/01,Hannah.B.Parsons@mailinator.com
1885,male,Grover,K,Brooks,2907 Perry Street,Westland,MI,48185,810-560-4196,1947/03/27,Grover.K.Brooks@spambob.com
1886,male,Michael,T,Tooley,3857 Philli Lane,Pocola,OK,74902,918-436-9154,1965/01/15,Michael.T.Tooley@dodgit.com
1887,male,Travis,K,Coleman,2993 Par Drive,Lompoc,CA,93436,805-866-0093,1941/04/05,Travis.K.Coleman@spambob.com
1888,female,Kathleen,N,Hilley,4670 Virginia Street,Chicago,IL,60653,773-538-9208,1956/05/28,Kathleen.N.Hilley@trashymail.com
1889,female,Carol,S,Maynard,4736 Swick Hill Street,Matthews,NC,28105,980-359-2320,1951/06/26,Carol.S.Maynard@dodgit.com
1890,female,Linda,J,Stephan,3408 White Avenue,Corpus Christi,TX,78411,361-745-3269,1945/10/17,Linda.J.Stephan@spambob.com
1891,male,Chris,T,Kelley,4152 Abia Martin Drive,Huntington Station,NY,11746,631-549-7659,1967/01/16,Chris.T.Kelley@dodgit.com
1892,male,Omar,W,Small,2687 Mahlon Street,Wayne,NJ,07477,732-910-9946,1955/08/08,Omar.W.Small@mailinator.com
1893,female,Lillian,F,Jones,2047 Highland View Drive,Rocklin,CA,95677,916-630-1318,1979/06/27,Lillian.F.Jones@spambob.com
1894,female,Kenna,J,Paugh,1901 Java Lane,Columbia,SC,29201,803-528-8593,1966/07/10,Kenna.J.Paugh@dodgit.com
1895,male,Walter,G,Palacios,1237 Calvin Street,Hanover,MD,21076,443-398-8191,1946/08/25,Walter.G.Palacios@trashymail.com
1896,male,Keith,L,Wood,2845 Timber Ridge Road,Sacramento,CA,95814,916-717-0193,1948/10/01,Keith.L.Wood@pookmail.com
1897,male,Alan,J,Story,3198 Elkview Drive,Fort Pierce,FL,34950,772-224-3286,1956/09/11,Alan.J.Story@trashymail.com
1898,female,Mabel,D,Jackson,1093 Honeysuckle Lane,Olympia,WA,98501,360-534-8310,1981/02/20,Mabel.D.Jackson@pookmail.com
1899,female,Anna,W,Larson,1852 Sumner Street,Los Angeles,CA,90066,310-572-0662,1964/06/18,Anna.W.Larson@mailinator.com
1900,female,Petra,M,Terry,4658 Bottom Lane,Lancaster,NY,14086,716-685-0069,1973/01/14,Petra.M.Terry@pookmail.com
1901,female,Virginia,C,Delia,4487 Scenic Way,Springfield,IL,62701,217-747-3899,1952/10/29,Virginia.C.Delia@trashymail.com
1902,female,Tammy,M,Mccloud,1692 Rardin Drive,Dublin,CA,94568,650-670-5495,1970/06/25,Tammy.M.Mccloud@spambob.com
1903,female,Carol,A,Leo,4435 Golden Street,Opa Locka,FL,33056,305-620-6718,1961/08/23,Carol.A.Leo@pookmail.com
1904,female,Crystal,N,Norton,2669 Woodrow Way,Livingston,TX,77351,936-328-0301,1979/03/18,Crystal.N.Norton@dodgit.com
1905,female,Betty,H,Carter,2067 Forest Drive,Mclean,VA,22101,703-854-8092,1944/01/10,Betty.H.Carter@mailinator.com
1906,male,Matthew,M,Phelps,2038 Nancy Street,Durham,NC,27703,919-598-4510,1961/06/12,Matthew.M.Phelps@pookmail.com
1907,female,Jessica,W,Boston,82 Harvest Lane,Kansas City,MO,64106,660-994-7769,1941/10/03,Jessica.W.Boston@trashymail.com
1908,male,Ronald,G,Bloomfield,3418 Hart Street,Middletown,CT,06457,860-346-3534,1953/01/16,Ronald.G.Bloomfield@pookmail.com
1909,male,Wesley,M,Orta,4853 Holt Street,West Palm Beach,FL,33401,561-346-8927,1958/09/10,Wesley.M.Orta@trashymail.com
1910,female,Sally,W,Brown,3674 Parkway Street,Victorville,CA,92392,760-261-3684,1952/02/22,Sally.W.Brown@spambob.com
1911,female,Jessie,V,Randolph,1634 Terra Cotta Street,Wahpeton,MN,58075,218-641-7329,1973/11/25,Jessie.V.Randolph@pookmail.com
1912,female,Kayla,C,Raney,91 Chenoweth Drive,Clarksville,TN,37040,931-551-1143,1970/05/15,Kayla.C.Raney@mailinator.com
1913,female,Toni,R,Melendez,3743 Rosewood Court,Waldorf,MN,56091,507-239-9586,1943/01/17,Toni.R.Melendez@trashymail.com
1914,female,Stephania,T,Gelman,4426 Hill Croft Farm Road,Oroville,CA,95966,530-532-9709,1957/12/01,Stephania.T.Gelman@spambob.com
1915,male,Christopher,A,Marquis,75 Twin Willow Lane,Wilmington,NC,28405,910-398-7011,1952/07/03,Christopher.A.Marquis@pookmail.com
1916,male,Danial,C,Villalobos,1868 Libby Street,Burbank,CA,91505,310-308-0356,1967/10/02,Danial.C.Villalobos@pookmail.com
1917,female,Marie,C,Stricker,3898 Ross Street,Mount Vernon,IL,62864,618-241-8485,1948/12/06,Marie.C.Stricker@spambob.com
1918,male,Rick,T,Spivey,347 Twin Willow Lane,Fayetteville,NC,28301,910-480-7239,1948/01/24,Rick.T.Spivey@mailinator.com
1919,female,Mary,W,Tinsley,516 Kildeer Drive,Little Hocking,OH,43215,740-989-1599,1945/06/13,Mary.W.Tinsley@trashymail.com
1920,male,Ryan,D,Cushing,490 Douglas Dairy Road,Damascus,VA,24236,276-475-9878,1964/06/26,Ryan.D.Cushing@mailinator.com
1921,female,Brandy,D,Ramirez,2843 Buck Drive,South Burlington,VT,05403,802-221-9315,1966/09/06,Brandy.D.Ramirez@trashymail.com
1922,female,Margaret,G,Gilley,280 Carter Street,Sailor Springs,IL,62434,618-689-3045,1945/03/01,Margaret.G.Gilley@pookmail.com
1923,male,Henry,A,Hutchins,3287 Pinewood Avenue,Marquette,MI,49855,906-780-1284,1975/06/06,Henry.A.Hutchins@pookmail.com
1924,male,Claude,L,Morrissey,717 Badger Pond Lane,Pittsburgh,PA,15212,724-994-7819,1946/04/01,Claude.L.Morrissey@pookmail.com
1925,female,Mindy,D,Carter,4307 Southern Street,Huntington,NY,11743,516-647-7581,1977/06/16,Mindy.D.Carter@mailinator.com
1926,female,Elizabeth,W,Moore,1593 Davis Street,Norcross,GA,30071,706-358-6011,1968/01/13,Elizabeth.W.Moore@mailinator.com
1927,male,William,G,Poss,1630 Dawson Drive,Little Rock,AR,72002,501-847-0448,1975/05/27,William.G.Poss@dodgit.com
1928,female,Cathy,E,Hall,667 Lake Forest Drive,Kansas City,KS,66216,913-962-9949,1972/04/07,Cathy.E.Hall@trashymail.com
1929,female,Linda,C,Baldwin,1429 Elkview Drive,Lake Worth,FL,33463,772-341-3811,1975/07/27,Linda.C.Baldwin@pookmail.com
1930,male,David,P,Davis,930 Rivendell Drive,Seville,OH,44273,330-769-3459,1957/09/09,David.P.Davis@mailinator.com
1931,male,Edward,C,Twombly,136 Angus Road,New York,NY,10022,212-486-6688,1966/02/12,Edward.C.Twombly@spambob.com
1932,female,Ophelia,M,Moose,4352 Seneca Drive,Portland,OR,97205,503-967-7454,1971/04/08,Ophelia.M.Moose@mailinator.com
1933,male,Herbert,F,Vargas,2073 Rockford Mountain Lane,Durham,NC,27701,919-970-2700,1959/07/25,Herbert.F.Vargas@mailinator.com
1934,female,Thelma,N,Romero,3460 Selah Way,Brattleboro,VT,05301,802-619-6347,1945/06/28,Thelma.N.Romero@trashymail.com
1935,female,Helen,F,Heath,2256 Washburn Street,Baton Rouge,LA,70802,225-323-8242,1962/10/17,Helen.F.Heath@dodgit.com
1936,male,Luis,J,Holland,4874 Alfred Drive,Bayside,NY,11361,718-281-0678,1948/08/05,Luis.J.Holland@spambob.com
1937,female,Arlette,J,Cain,2780 Paradise Lane,Santa Ana,CA,92705,909-653-1058,1978/08/08,Arlette.J.Cain@dodgit.com
1938,female,Ann,A,Jackson,2970 Jessie Street,Cheshire (delaware),OH,45620,740-657-4870,1941/12/28,Ann.A.Jackson@mailinator.com
1939,male,Carol,K,Harris,1335 Horizon Circle,Tukwila,WA,98188,253-681-8819,1979/07/13,Carol.K.Harris@dodgit.com
1940,female,Ivy,C,Davis,4359 Woodland Avenue,Slidell,LA,70458,985-690-9788,1951/05/26,Ivy.C.Davis@mailinator.com
1941,male,Frank,N,Quarterman,774 Jett Lane,Pomona,CA,91766,310-707-6701,1972/07/31,Frank.N.Quarterman@trashymail.com
1942,female,Debbie,W,Dewitt,2742 Milford Street,Andover,NH,03216,603-735-2759,1979/07/16,Debbie.W.Dewitt@pookmail.com
1943,male,Paul,B,Cook,451 Stuart Street,Pittsburgh,PA,15219,724-414-5561,1945/06/19,Paul.B.Cook@pookmail.com
1944,female,Tula,D,Borba,2579 Meadowview Drive,Staunton,VA,24401,540-849-1652,1969/04/03,Tula.D.Borba@spambob.com
1945,female,Margaret,A,Morgan,1841 Pooz Street,Atlantic Highlands,NJ,07716,732-291-9293,1962/10/30,Margaret.A.Morgan@pookmail.com
1946,male,Daniel,A,Lowder,1634 Spring Haven Trail,Nutley,NJ,07110,973-662-5036,1949/08/05,Daniel.A.Lowder@trashymail.com
1947,female,Susan,F,Heffner,1172 Park Boulevard,Searsboro,IA,50242,641-678-9707,1985/11/05,Susan.F.Heffner@trashymail.com
1948,male,Jesse,M,Harper,4643 Saints Alley,Tampa,FL,33619,813-746-2681,1942/05/05,Jesse.M.Harper@pookmail.com
1949,female,Vanessa,E,Nickerson,1877 Poplar Chase Lane,Boise,ID,83702,208-387-4897,1940/07/16,Vanessa.E.Nickerson@pookmail.com
1950,male,Anthony,S,Sledge,2765 Heavens Way,Sarasota,FL,34236,941-953-6131,1959/12/09,Anthony.S.Sledge@spambob.com
1951,male,William,H,Irvine,2876 Cherry Camp Road,Hickory Hills,IL,60457,773-505-5662,1942/07/27,William.H.Irvine@spambob.com
1952,female,Robin,H,Lee,2089 Preston Street,Belpre,KS,67519,620-995-4373,1958/01/18,Robin.H.Lee@trashymail.com
1953,female,Martha,K,Buckner,609 Farland Avenue,Boerne,TX,78006,830-431-6318,1985/08/06,Martha.K.Buckner@trashymail.com
1954,female,Tammy,L,Odonnell,277 Deer Ridge Drive,Rochelle Park,NJ,07662,973-580-4144,1962/05/02,Tammy.L.Odonnell@trashymail.com
1955,male,Paul,H,Meier,1718 Trails End Road,Fort Lauderdale,FL,33301,954-334-0759,1947/12/08,Paul.H.Meier@dodgit.com
1956,male,Robert,A,Holland,55 Elk Avenue,Lansing,MI,48933,517-483-2306,1968/05/11,Robert.A.Holland@pookmail.com
1957,male,Moses,V,Wilcox,3815 Retreat Avenue,Birmingham,AL,35203,205-328-6046,1941/04/23,Moses.V.Wilcox@pookmail.com
1958,female,Cathy,R,Eller,913 Beechwood Drive,Sewickley,PA,15143,412-277-7362,1975/11/23,Cathy.R.Eller@dodgit.com
1959,female,Kathie,G,Klock,670 Myra Street,Cranston,RI,02910,401-464-5649,1971/10/13,Kathie.G.Klock@dodgit.com
1960,female,Nadine,W,Sparks,2968 Post Avenue,Chicago,IN,60607,219-230-9313,1981/01/26,Nadine.W.Sparks@dodgit.com
1961,female,Jacqueline,F,Busse,4649 Rosewood Court,Emmons,MN,56029,507-297-8736,1983/09/06,Jacqueline.F.Busse@dodgit.com
1962,male,Henry,C,Thibodeau,2746 Big Elm,Kansas City,MO,64151,816-880-6836,1967/06/14,Henry.C.Thibodeau@trashymail.com
1963,male,Donald,M,Crowley,3532 Twin Willow Lane,Fayetteville,NC,28301,910-491-9270,1945/06/23,Donald.M.Crowley@dodgit.com
1964,female,Barbara,C,Smith,3964 Old Dear Lane,Poughkeepsie,NY,12601,845-853-5701,1962/07/28,Barbara.C.Smith@pookmail.com
1965,female,Margaret,T,Baker,2886 Wines Lane,Houston,TX,77032,832-435-0475,1964/03/23,Margaret.T.Baker@dodgit.com
1966,male,William,M,Gonzalez,533 Peck Street,Manchester,NH,03101,603-854-6398,1953/04/16,William.M.Gonzalez@mailinator.com
1967,male,Johnny,B,Lozano,486 Rowes Lane,Paducah,KY,42001,270-671-9195,1972/06/11,Johnny.B.Lozano@dodgit.com
1968,female,Kimberly,T,Andrews,4586 Elk Creek Road,Gainesville,GA,30501,770-534-2852,1968/02/01,Kimberly.T.Andrews@trashymail.com
1969,female,Helen,S,Williams,1212 Linden Avenue,Orlando,FL,32801,407-584-3452,1982/03/18,Helen.S.Williams@pookmail.com
1970,female,Viola,L,Harmon,2244 Terra Cotta Street,Kelliher,MN,56650,218-647-9240,1943/08/26,Viola.L.Harmon@mailinator.com
1971,male,Donald,M,Cleary,4267 Reynolds Alley,Los Angeles,CA,90017,562-268-7175,1946/04/15,Donald.M.Cleary@dodgit.com
1972,female,Mary,J,Gutierrez,640 Pickens Way,Longview,TX,75601,903-296-7768,1941/11/17,Mary.J.Gutierrez@spambob.com
1973,male,Kurt,E,Maize,3125 Grant Street,Corsicana,TX,75110,903-875-7994,1979/03/30,Kurt.E.Maize@spambob.com
1974,female,Heidi,M,Nelson,4982 Cemetery Street,Marina,CA,93933,831-883-9452,1948/10/06,Heidi.M.Nelson@dodgit.com
1975,female,Sheila,J,Majors,1190 Kerry Way,Bellflower,CA,90706,562-866-3619,1963/03/30,Sheila.J.Majors@spambob.com
1976,female,Heather,A,Lewis,823 Hidden Valley Road,Buffalo,NY,14216,716-998-7541,1959/10/03,Heather.A.Lewis@dodgit.com
1977,male,Christoper,D,Tucker,771 Jail Drive,Peoria,IL,61602,309-894-7398,1973/01/25,Christoper.D.Tucker@mailinator.com
1978,female,Stephanie,P,Holmes,4430 Gerald L. Bates Drive,Boston,MA,02110,617-841-8135,1945/09/09,Stephanie.P.Holmes@pookmail.com
1979,male,Curtis,T,Edwards,3541 Kelly Street,Concord,NC,28025,704-920-3429,1978/02/05,Curtis.T.Edwards@trashymail.com
1980,male,Edward,G,Parsons,4337 Bluff Street,Frederick,MD,21701,301-788-7349,1983/10/29,Edward.G.Parsons@dodgit.com
1981,male,Timothy,J,Wayne,2848 Dancing Dove Lane,Whitestone,NY,11357,347-452-4090,1953/09/24,Timothy.J.Wayne@dodgit.com
1982,female,Bonnie,T,Lee,4905 Leo Street,Denver,CO,80202,720-921-6739,1944/04/13,Bonnie.T.Lee@trashymail.com
1983,female,Irene,R,Brooks,546 Woodstock Drive,Los Angeles,CA,90017,626-500-8029,1972/05/27,Irene.R.Brooks@mailinator.com
1984,female,Renee,J,Amaral,3983 Brannon Avenue,Jacksonville,FL,32202,904-818-6663,1963/10/15,Renee.J.Amaral@spambob.com
1985,female,Virginia,R,Robeson,969 Neuport Lane,Norcross,GA,30091,770-403-0570,1982/07/17,Virginia.R.Robeson@spambob.com
1986,male,Tomas,A,Desouza,1878 Argonne Street,Philadelphia,DE,19107,302-277-4906,1946/03/23,Tomas.A.Desouza@pookmail.com
1987,male,Jimmy,K,Medina,2847 Brentwood Drive,Austin,TX,78744,512-853-3259,1953/12/23,Jimmy.K.Medina@pookmail.com
1988,female,Donna,R,Devoe,2996 Harron Drive,Baltimore,MD,21202,443-484-1844,1973/11/24,Donna.R.Devoe@dodgit.com
1989,female,Gretchen,R,Cameron,1769 Khale Street,North Charleston,SC,29420,843-603-9067,1968/11/18,Gretchen.R.Cameron@mailinator.com
1990,male,Robert,S,Anderson,3707 Pointe Lane,Pompano Beach,FL,33060,954-957-8131,1965/03/19,Robert.S.Anderson@pookmail.com
1991,female,Wendy,K,Perreault,4735 Freedom Lane,Stockton,CA,95202,209-462-2402,1985/02/05,Wendy.K.Perreault@dodgit.com
1992,female,Virginia,R,Mcnabb,4507 Providence Lane,Glendora,CA,91740,626-857-7163,1946/04/25,Virginia.R.Mcnabb@pookmail.com
1993,male,Roy,A,Foxworth,1916 Shadowmar Drive,Metairie,LA,70006,504-888-7671,1956/11/22,Roy.A.Foxworth@trashymail.com
1994,female,Pearl,S,Cantrell,2015 Ritter Street,Clanton,AL,35045,256-267-8537,1961/09/27,Pearl.S.Cantrell@pookmail.com
1995,male,John,V,Bennett,1849 Adonais Way,Norcross,GA,30071,678-464-7321,1970/12/27,John.V.Bennett@spambob.com
1996,male,Richard,B,Mathis,626 Pinnickinnick Street,New Brunswick,NJ,08901,732-851-9131,1963/03/30,Richard.B.Mathis@spambob.com
1997,male,Robert,J,Hakes,2841 Fincham Road,Palm Springs,CA,92262,760-493-3342,1972/08/29,Robert.J.Hakes@pookmail.com
1998,male,William,L,Kohler,943 Simons Hollow Road,Wilkes Barre,PA,18701,570-819-4855,1959/02/28,William.L.Kohler@pookmail.com
1999,male,Thomas,J,Raney,4279 Station Street,Oakland,CA,94612,510-926-2781,1975/01/11,Thomas.J.Raney@trashymail.com
2000,male,Chester,A,Brewer,1588 Heavner Court,Ames,IA,50010,515-956-6916,1980/01/09,Chester.A.Brewer@mailinator.com
2001,male,Charles,C,Ahmed,3942 American Drive,Camden,NJ,08102,856-226-0235,1965/07/16,Charles.C.Ahmed@spambob.com
2002,male,Sidney,M,Smith,878 Water Street,Walnut Creek,CA,94597,925-308-0436,1963/03/02,Sidney.M.Smith@mailinator.com
2003,male,Edward,R,Gehring,288 Woodlawn Drive,Waukesha,WI,53188,414-737-1340,1963/03/24,Edward.R.Gehring@trashymail.com
2004,female,Randi,M,Byas,4928 Hope Street,Lancaster,TX,75146,972-227-3465,1948/02/05,Randi.M.Byas@pookmail.com
2005,female,Sarah,D,Odom,4088 Crosswind Drive,Bowling Green,KY,42101,270-906-5445,1969/02/20,Sarah.D.Odom@mailinator.com
2006,female,Noreen,J,Figueroa,1436 Murphy Court,Ontario,CA,91761,951-795-9019,1969/12/31,Noreen.J.Figueroa@dodgit.com
2007,male,Brian,T,Paige,3312 Derek Drive,Akron,OH,44308,330-371-4777,1943/03/20,Brian.T.Paige@pookmail.com
2008,female,Delores,A,Corbin,229 Masonic Hill Road,Little Rock,AR,72212,501-519-9770,1949/03/21,Delores.A.Corbin@dodgit.com
2009,male,Daniel,I,Hodgkinson,3932 Hickory Lane,New Haven,CT,06511,203-219-8259,1962/09/20,Daniel.I.Hodgkinson@trashymail.com
2010,male,David,M,Powers,3340 Elk Creek Road,Norcross,GA,30071,770-453-5906,1948/08/16,David.M.Powers@trashymail.com
2011,female,Jerri,S,Lake,3083 Sharon Lane,Holts Summit,MO,65043,573-896-4504,1947/05/25,Jerri.S.Lake@pookmail.com
2012,female,Juan,P,Claussen,1472 Wilmar Farm Road,Mount Airy,MD,21771,240-251-6277,1943/12/21,Juan.P.Claussen@pookmail.com
2013,male,Jody,L,Chambers,2819 Diamond Street,Asheville,NC,28801,828-558-3056,1950/09/14,Jody.L.Chambers@dodgit.com
2014,male,Carl,L,Dawson,685 Bicetown Road,Brooklyn,NY,11206,917-354-8928,1973/02/25,Carl.L.Dawson@dodgit.com
2015,male,James,D,Mcdowell,2328 Earnhardt Drive,Louisville,KY,40223,502-797-6267,1984/06/04,James.D.Mcdowell@mailinator.com
2016,male,Mark,M,Franklin,1049 Wilkinson Court,Fort Myers Beach,FL,33931,239-765-5429,1975/03/12,Mark.M.Franklin@dodgit.com
2017,female,Elizabeth,D,Roberts,4901 Fulton Street,Clarksburg,WV,26301,304-423-3478,1941/01/14,Elizabeth.D.Roberts@trashymail.com
2018,male,David,T,White,4942 Oakwood Circle,Riverside,CA,92501,949-318-6051,1970/10/26,David.T.White@spambob.com
2019,male,Scott,G,Yazzie,3448 Oak Ridge Drive,Centertown,MO,65023,573-584-4177,1946/10/25,Scott.G.Yazzie@spambob.com
2020,female,Patricia,R,Thompson,2851 Fairfax Drive,Somerville,NJ,08876,908-927-9466,1953/09/23,Patricia.R.Thompson@mailinator.com
2021,male,Lewis,M,River,3781 Swick Hill Street,Charlotte,NC,28202,980-329-3605,1977/08/18,Lewis.M.River@dodgit.com
2022,female,Anne,J,Miller,1379 Pineview Drive,Hokah,MN,55941,507-894-3374,1943/09/18,Anne.J.Miller@spambob.com
2023,male,Jose,T,Smith,3521 Peaceful Lane,Cleveland,OH,44115,216-453-6432,1982/01/16,Jose.T.Smith@spambob.com
2024,female,Celia,K,Castro,4529 Bel Meadow Drive,Colton,CA,92324,909-420-2742,1949/11/14,Celia.K.Castro@trashymail.com
2025,female,Regina,L,Rue,688 Felosa Drive,Los Angeles,CA,90036,323-932-0149,1950/09/19,Regina.L.Rue@spambob.com
2026,male,Norman,L,Irvin,4164 Hilltop Haven Drive,New Brunswick,NJ,08901,973-849-5303,1944/02/18,Norman.L.Irvin@dodgit.com
2027,male,Fredrick,L,Burrows,699 Hall Valley Drive,Clarksburg,WV,26301,304-677-6369,1947/05/22,Fredrick.L.Burrows@pookmail.com
2028,female,Loretta,G,Fox,1044 Beechwood Drive,Bridgeville,PA,15017,412-257-6546,1961/06/01,Loretta.G.Fox@pookmail.com
2029,male,Benjamin,M,Copley,2949 New Street,Oregon Slope,OR,97914,541-262-4889,1951/03/15,Benjamin.M.Copley@dodgit.com
2030,male,Richard,S,Sather,4985 Alfred Drive,Forest Hills,NY,11375,718-268-0119,1940/03/06,Richard.S.Sather@dodgit.com
2031,female,Esther,J,Petty,4568 August Lane,Shreveport,LA,71101,318-453-6840,1944/08/09,Esther.J.Petty@pookmail.com
2032,male,Kelly,R,Leblanc,3463 Hilltop Street,Millers Falls,MA,01349,413-659-5007,1962/12/15,Kelly.R.Leblanc@dodgit.com
2033,male,Mark,M,Cropper,4853 Milford Street,Londonderry,NH,03053,603-661-6007,1960/08/31,Mark.M.Cropper@spambob.com
2034,female,Tammy,M,Garcia,288 Radio Park Drive,Braselton,GA,30517,706-658-1286,1962/10/26,Tammy.M.Garcia@spambob.com
2035,male,William,W,Nuttall,2522 Maloy Court,Garnett,KS,66032,785-448-5140,1941/07/03,William.W.Nuttall@dodgit.com
2036,male,Michael,S,Erickson,3906 Emily Renzelli Boulevard,Salinas,CA,93901,831-613-4159,1966/03/07,Michael.S.Erickson@dodgit.com
2037,female,Rita,M,Crow,506 Grey Fox Farm Road,Houston,TX,77063,281-731-6690,1955/10/29,Rita.M.Crow@spambob.com
2038,female,Pamela,G,Ray,4043 Goldcliff Circle,Washington,DC,20005,202-565-7584,1958/05/19,Pamela.G.Ray@spambob.com
2039,male,Keith,T,Still,4498 Frank Avenue,Gibsonia,PA,15044,412-943-5021,1952/08/06,Keith.T.Still@mailinator.com
2040,female,Carrie,S,Knapp,722 Rhode Island Avenue,Washington,DC,20024,202-366-8001,1955/07/14,Carrie.S.Knapp@dodgit.com
2041,female,Shannon,J,Angelo,3247 Richards Avenue,Stockton,CA,95202,209-933-9431,1942/04/04,Shannon.J.Angelo@trashymail.com
2042,male,Albert,P,Bucklin,3094 Washington Street,Orange Grove,TX,78372,361-384-6928,1957/08/01,Albert.P.Bucklin@dodgit.com
2043,female,Roberta,W,Haslett,4134 Del Dew Drive,Baltimore,MD,21202,301-878-0321,1980/10/18,Roberta.W.Haslett@dodgit.com
2044,female,Sheri,B,Taylor,2045 Southern Street,Glen Cove,NY,11542,516-674-4324,1956/12/17,Sheri.B.Taylor@mailinator.com
2045,female,Cleo,S,Walker,2083 Tibbs Avenue,Billings,MT,59101,406-749-2213,1960/04/12,Cleo.S.Walker@dodgit.com
2046,female,Roslyn,A,Pineda,2777 Duffy Street,Hammond,IN,46320,219-852-4436,1948/02/05,Roslyn.A.Pineda@mailinator.com
2047,female,Yolanda,S,Gillard,4773 Capitol Avenue,Indianapolis,IN,46202,765-582-2034,1950/01/16,Yolanda.S.Gillard@mailinator.com
2048,female,Carla,G,Kinder,3176 Lightning Point Drive,Arlington,TN,38002,901-569-2125,1949/04/24,Carla.G.Kinder@pookmail.com
2049,male,Jamie,E,Bramlett,4689 Clover Drive,Fowler,CO,81039,719-263-8193,1970/11/10,Jamie.E.Bramlett@mailinator.com
2050,female,Florence,M,Hubbard,2574 Turkey Pen Lane,Montgomery,AL,36104,334-575-3111,1954/10/13,Florence.M.Hubbard@spambob.com
2051,female,Joanne,S,Oconner,4945 Cabell Avenue,Washington,VA,20005,703-600-8356,1942/03/04,Joanne.S.Oconner@spambob.com
2052,female,Kathleen,R,Thompson,4434 Medical Center Drive,Tampa,FL,33619,941-536-6666,1983/05/28,Kathleen.R.Thompson@mailinator.com
2053,male,Brian,E,Weaver,3806 Fancher Drive,Dallas,TX,75247,214-298-1070,1953/10/17,Brian.E.Weaver@dodgit.com
2054,female,Patricia,K,Perry,294 Holt Street,West Palm Beach,FL,33401,561-346-7728,1975/10/07,Patricia.K.Perry@mailinator.com
2055,male,Calvin,P,Myers,637 Ashford Drive,Leesburg,VA,22075,703-669-1126,1985/09/07,Calvin.P.Myers@spambob.com
2056,male,Richard,V,Campbell,3947 Pin Oak Drive,Bellflower,CA,90706,562-920-8979,1985/02/28,Richard.V.Campbell@mailinator.com
2057,female,Dora,R,Waters,1204 Godfrey Street,Portland,OR,97229,503-613-7268,1972/01/22,Dora.R.Waters@dodgit.com
2058,female,Kathy,P,Minor,2527 Beeghley Street,Moffat,TX,12345,254-986-4616,1952/08/29,Kathy.P.Minor@dodgit.com
2059,female,Evelyn,S,Jones,3472 Glen Falls Road,Philadelphia,PA,19103,215-845-9830,1956/01/04,Evelyn.S.Jones@trashymail.com
2060,male,Jerry,L,Bergeron,1130 Jadewood Farms,Piscataway,NJ,08854,973-392-1025,1945/07/15,Jerry.L.Bergeron@mailinator.com
2061,male,Darrell,C,Mitchell,4187 Centennial Farm Road,Havelock,IA,50546,712-776-1616,1954/03/13,Darrell.C.Mitchell@spambob.com
2062,female,Brandi,A,Maddox,4146 Meadowbrook Mall Road,Los Angeles,CA,90017,310-800-0050,1966/06/29,Brandi.A.Maddox@spambob.com
2063,male,Jerry,H,Litchfield,3729 Broad Street,Oneonta,AL,35121,205-446-1624,1963/05/18,Jerry.H.Litchfield@mailinator.com
2064,male,Gary,J,Farley,2401 Trymore Road,Lonsdale,MN,55046,507-744-0596,1955/05/10,Gary.J.Farley@trashymail.com
2065,male,David,L,Shortt,2845 Black Stallion Road,Lakeside Park,KY,41017,859-426-9985,1958/11/11,David.L.Shortt@trashymail.com
2066,female,Debbie,A,Arterburn,1698 Summit Street,West Union,IA,52175,563-422-0147,1969/11/25,Debbie.A.Arterburn@trashymail.com
2067,female,Kathleen,D,Foss,3985 Thunder Road,San Francisco,CA,94107,650-464-4618,1978/01/22,Kathleen.D.Foss@spambob.com
2068,female,Jesus,M,Martin,4797 Long Street,Gainesville,FL,32601,352-282-3391,1984/02/10,Jesus.M.Martin@spambob.com
2069,male,Wesley,E,Rice,1987 Joseph Street,Milwaukee,WI,53226,262-863-7490,1961/07/10,Wesley.E.Rice@spambob.com
2070,female,Kimberly,J,Navarro,4760 Woodland Avenue,New Orleans,LA,70113,985-686-3632,1967/05/25,Kimberly.J.Navarro@pookmail.com
2071,male,Anthony,K,Ellis,2230 Hemlock Lane,Harlingen,TX,78550,956-472-5734,1955/01/21,Anthony.K.Ellis@spambob.com
2072,male,Edward,C,Lymon,4196 Science Center Drive,Boise,ID,83702,208-629-4522,1963/05/05,Edward.C.Lymon@spambob.com
2073,female,Julia,J,Lemmon,694 Benson Street,Stevens Point,WI,54481,715-341-2638,1983/01/07,Julia.J.Lemmon@dodgit.com
2074,male,Frederick,L,Mitchell,2535 Villa Drive,Leesburg,IN,46538,574-526-6381,1967/02/15,Frederick.L.Mitchell@dodgit.com
2075,male,Terry,J,Kennamer,4130 Hamill Avenue,San Diego,CA,92110,858-364-0632,1976/11/04,Terry.J.Kennamer@trashymail.com
2076,female,Edna,S,Mitchell,1348 Hoffman Avenue,New York,NY,10016,917-872-4043,1980/05/05,Edna.S.Mitchell@pookmail.com
2077,female,Nadine,R,Lee,4047 Cambridge Court,Bentonville,AR,72712,479-876-1292,1980/03/03,Nadine.R.Lee@dodgit.com
2078,male,William,M,Mccann,2519 Duffy Street,Portage,IN,46368,219-762-9666,1950/03/19,William.M.Mccann@spambob.com
2079,male,Robert,G,Lee,39 Parrill Court,Portage,IN,46368,219-608-4241,1981/10/16,Robert.G.Lee@spambob.com
2080,male,James,J,Motley,2248 Thorn Street,Cheyenne,WY,82003,307-630-5079,1968/12/13,James.J.Motley@pookmail.com
2081,female,Amy,A,Butler,1507 Single Street,Bedford,MA,01730,781-667-6628,1975/06/26,Amy.A.Butler@mailinator.com
2082,female,Terry,A,Dubay,3066 Hart Ridge Road,Gaines,MI,48436,989-271-9471,1964/07/23,Terry.A.Dubay@pookmail.com
2083,male,Robert,V,Eslinger,1586 Cost Avenue,Temple Hills,MD,20031,301-423-7202,1941/10/24,Robert.V.Eslinger@mailinator.com
2084,male,Robert,P,Cooper,2530 Cross Street,Mount Pleasant,MI,48858,989-953-1457,1976/12/19,Robert.P.Cooper@spambob.com
2085,female,Elenora,M,Craig,1348 Foley Street,Miramar,FL,33025,954-643-2324,1967/05/22,Elenora.M.Craig@pookmail.com
2086,male,Douglas,D,Smith,1470 Limer Street,Augusta,GA,30901,706-417-5721,1951/03/23,Douglas.D.Smith@dodgit.com
2087,male,Marc,M,Wise,854 Settlers Lane,New York,NY,10016,917-802-5020,1984/09/10,Marc.M.Wise@pookmail.com
2088,female,Eileen,E,Contreras,2376 Ashcraft Court,San Diego,CA,92103,619-454-5995,1975/11/03,Eileen.E.Contreras@dodgit.com
2089,female,Francine,R,Henderson,2857 Park Avenue,Sacramento,CA,95817,916-494-5113,1967/03/03,Francine.R.Henderson@dodgit.com
2090,male,John,L,Byrnes,3560 Cityview Drive,Parker Ford,PA,19457,610-495-4390,1984/12/27,John.L.Byrnes@dodgit.com
2091,male,Thomas,J,Jones,3012 Scheuvront Drive,Boulder,CO,80301,303-527-6607,1969/07/31,Thomas.J.Jones@pookmail.com
2092,male,Richard,A,Pena,3674 Sycamore Lake Road,Appleton,WI,54911,920-399-4884,1970/04/11,Richard.A.Pena@spambob.com
2093,male,Marcus,M,Rios,331 Harrison Street,San Rafael,CA,94903,415-491-3373,1964/07/06,Marcus.M.Rios@spambob.com
2094,female,Mae,M,Garrett,1426 Haven Lane,Grand Rapids,MI,49503,517-705-3598,1963/11/01,Mae.M.Garrett@spambob.com
2095,female,Kathleen,P,Drummond,4267 Shinn Avenue,Masontown,PA,15461,724-583-5854,1966/12/09,Kathleen.P.Drummond@dodgit.com
2096,male,David,N,Collins,2546 Stanley Avenue,Freeport,NY,11520,516-546-4926,1965/05/02,David.N.Collins@dodgit.com
2097,male,George,C,Smith,3441 Lake Road,Camden,NJ,08102,609-362-6321,1980/09/08,George.C.Smith@mailinator.com
2098,male,Thomas,B,Duarte,332 Melrose Street,Yakima,WA,98901,509-949-2517,1967/04/02,Thomas.B.Duarte@pookmail.com
2099,male,James,D,Peoples,3067 Hillview Street,Columbia,SC,29210,803-682-0590,1980/04/20,James.D.Peoples@mailinator.com
2100,female,Annie,M,Pierce,2789 Tree Frog Lane,Lenexa,MO,66215,816-591-0573,1952/09/06,Annie.M.Pierce@pookmail.com
2101,female,Pamela,M,Izzo,550 Primrose Lane,Madison,WI,53703,608-683-4408,1980/03/16,Pamela.M.Izzo@mailinator.com
2102,female,Nancy,L,Phillips,1135 Tennessee Avenue,Southfield,MI,48034,248-274-5929,1982/06/17,Nancy.L.Phillips@spambob.com
2103,female,Irene,C,Marko,4265 Valley View Drive,Needham,MA,02192,617-764-4542,1956/11/29,Irene.C.Marko@dodgit.com
2104,male,Johnnie,B,Barber,4346 Courtright Street,Balta,ND,58368,701-542-7363,1964/04/12,Johnnie.B.Barber@dodgit.com
2105,male,Gary,S,Krehbiel,4853 Marion Drive,Tampa,FL,33634,813-420-9099,1977/04/06,Gary.S.Krehbiel@pookmail.com
2106,male,Mark,I,Dowd,1380 County Line Road,Tampa,FL,33634,727-776-3157,1946/04/04,Mark.I.Dowd@dodgit.com
2107,female,Lakesha,C,Morrill,3456 Pritchard Court,Winona,MN,55987,507-454-9073,1974/02/05,Lakesha.C.Morrill@dodgit.com
2108,female,Jennie,D,Marshall,4657 Maple Lane,Huntsville,AL,35816,256-513-0271,1975/06/22,Jennie.D.Marshall@trashymail.com
2109,female,Rene,C,Snyder,3250 Masonic Hill Road,Little Rock,AR,72201,501-486-9097,1949/03/14,Rene.C.Snyder@dodgit.com
2110,female,Olivia,E,Birk,1348 Pearl Street,Sacramento,CA,95826,916-295-5763,1973/06/22,Olivia.E.Birk@dodgit.com
2111,female,Jovita,J,Hamilton,1068 Deer Haven Drive,Greenville,SC,29601,864-335-0253,1947/02/14,Jovita.J.Hamilton@spambob.com
2112,male,Robert,T,Sinclair,2723 Jody Road,Philadelphia,PA,19103,610-548-6506,1943/09/05,Robert.T.Sinclair@trashymail.com
2113,male,Christopher,J,Owen,3602 Rebecca Street,Hoffman Estates,IL,60192,847-747-3412,1982/09/29,Christopher.J.Owen@dodgit.com
2114,female,Stephanie,M,Robinson,3640 Villa Drive,Valparaiso,IN,46383,574-584-2128,1941/07/14,Stephanie.M.Robinson@mailinator.com
2115,female,Betty,T,Coles,4284 Southside Lane,Los Angeles,CA,90044,323-754-8770,1941/11/22,Betty.T.Coles@pookmail.com
2116,male,Derek,J,Hopkins,3821 Boggess Street,Dayton,OH,45402,937-877-4503,1983/11/06,Derek.J.Hopkins@pookmail.com
2117,male,Danny,G,Jackson,3766 Patterson Street,Houston,TX,77002,713-331-3255,1955/04/22,Danny.G.Jackson@pookmail.com
2118,male,Edward,W,Degroot,4312 Prospect Valley Road,Los Angeles,CA,90017,310-992-9474,1941/11/22,Edward.W.Degroot@pookmail.com
2119,male,Michael,S,Yamashita,1644 Summit Park Avenue,Troy,MI,48098,248-964-9997,1975/06/22,Michael.S.Yamashita@trashymail.com
2120,female,Amanda,J,Perales,3500 Rafe Lane,Greenwood,MS,38930,662-639-7428,1978/02/27,Amanda.J.Perales@mailinator.com
2121,female,Carrie,D,Weber,2959 Airplane Avenue,Windsor,CT,06095,860-836-4706,1984/08/03,Carrie.D.Weber@spambob.com
2122,female,Denise,E,Rush,3102 Lauren Drive,Belleville,WI,53508,608-424-0964,1957/01/09,Denise.E.Rush@dodgit.com
2123,female,Linda,S,Corbin,3383 Frederick Street,Sacramento,CA,95814,916-244-8432,1983/11/30,Linda.S.Corbin@spambob.com
2124,male,Jeffrey,E,Smith,428 Lincoln Street,Maple Shade,NJ,08052,609-471-9517,1984/10/04,Jeffrey.E.Smith@spambob.com
2125,male,Christopher,P,Mills,643 Lincoln Street,Bordentown,NJ,08505,609-424-3620,1962/07/07,Christopher.P.Mills@pookmail.com
2126,female,Carmen,R,Miller,2064 Pyramid Valley Road,Iowa City,IA,52240,319-467-7629,1985/08/22,Carmen.R.Miller@pookmail.com
2127,male,Paul,E,Ray,935 Hill Street,Kelleys Island,OH,43438,419-746-5804,1980/08/21,Paul.E.Ray@dodgit.com
2128,female,Brittany,A,Doolittle,1596 Radford Street,Louisville,KY,40202,502-341-0333,1950/03/30,Brittany.A.Doolittle@dodgit.com
2129,female,Edda,M,Amaro,2800 Colony Street,Stamford,CT,06901,203-282-3586,1947/12/10,Edda.M.Amaro@trashymail.com
2130,male,William,K,Mcgee,4388 Bluff Street,Hyattsville,MD,20781,301-779-6029,1976/02/22,William.K.Mcgee@trashymail.com
2131,female,Crystal,C,Hayes,723 Birch  Street,El Paso,TX,79901,915-746-6348,1948/09/22,Crystal.C.Hayes@pookmail.com
2132,female,Frances,J,Greer,4313 Poplar Lane,Miami,FL,33131,305-508-7152,1965/09/07,Frances.J.Greer@mailinator.com
2133,male,Warren,L,Hipp,1338 Sharon Lane,Mishawaka,IN,46544,574-256-9992,1978/03/27,Warren.L.Hipp@spambob.com
2134,female,Bonnie,E,Hannon,570 Roosevelt Street,Redwood City,CA,94063,415-365-9837,1983/07/22,Bonnie.E.Hannon@pookmail.com
2135,female,Shannon,V,Abercrombie,3577 Jehovah Drive,Roanoke,VA,24012,540-518-5375,1950/10/04,Shannon.V.Abercrombie@trashymail.com
2136,female,Susan,H,Howard,3823 Rogers Street,Cincinnati,OH,45229,513-559-9993,1954/04/02,Susan.H.Howard@spambob.com
2137,female,Louise,D,Sterrett,4074 Holt Street,Lake Worth,FL,33463,561-386-9178,1971/02/05,Louise.D.Sterrett@spambob.com
2138,male,Juan,B,Dejong,1935 Tail Ends Road,Green Bay,WI,54302,920-521-6643,1966/06/01,Juan.B.Dejong@dodgit.com
2139,male,David,C,Park,73 Buck Drive,South Burlington,VT,05403,802-225-3250,1950/02/23,David.C.Park@pookmail.com
2140,female,Jane,F,Arnold,1214 Mount Olive Road,Atlanta,GA,30328,678-904-2655,1958/03/26,Jane.F.Arnold@dodgit.com
2141,male,Neil,P,Phillips,757 Charla Lane,Dallas,TX,75240,972-720-6270,1966/09/29,Neil.P.Phillips@dodgit.com
2142,male,Jesse,L,Nadeau,4965 Martha Street,Rock Point,AZ,86515,928-659-2260,1979/10/19,Jesse.L.Nadeau@dodgit.com
2143,male,Patrick,E,Penn,1758 Rardin Drive,San Carlos,CA,94070,650-595-0948,1947/04/14,Patrick.E.Penn@pookmail.com
2144,male,Frank,L,Thomas,2098 Post Avenue,Merrillville,IN,46410,219-222-6314,1981/01/07,Frank.L.Thomas@dodgit.com
2145,female,Amanda,G,Earl,4138 University Street,Seattle,WA,98109,206-420-4186,1942/01/21,Amanda.G.Earl@spambob.com
2146,female,Celina,C,Osborn,1005 Oakridge Farm Lane,Waukesha,WI,53188,262-343-2011,1982/09/11,Celina.C.Osborn@dodgit.com
2147,male,Alex,S,Leatham,1535 Broadcast Drive,Alexandria,VA,22310,703-971-2286,1947/01/09,Alex.S.Leatham@trashymail.com
2148,male,Jonathan,A,Pires,938 Bingamon Road,Independence,OH,44131,440-530-5012,1944/04/15,Jonathan.A.Pires@dodgit.com
2149,female,Dorothy,H,Arcuri,1348 Saint Marys Avenue,East Syracuse,NY,13057,315-783-1022,1949/04/21,Dorothy.H.Arcuri@pookmail.com
2150,male,David,M,Hahn,177 Norma Avenue,Dayton,OH,45402,937-207-9819,1956/06/21,David.M.Hahn@pookmail.com
2151,female,Michelle,K,Holmes,4644 Wyatt Street,Jupiter,FL,33478,561-400-2495,1945/06/21,Michelle.K.Holmes@spambob.com
2152,female,Julie,S,Bunn,1169 Ella Street,San Francisco,CA,94143,650-277-7060,1941/06/10,Julie.S.Bunn@mailinator.com
2153,female,Alicia,C,Phillips,648 Oak Way,Hastings,NE,68901,402-462-5399,1973/07/05,Alicia.C.Phillips@dodgit.com
2154,male,William,K,Branscum,4260 Buffalo Creek Road,Nashville,TN,37207,615-944-1281,1966/03/14,William.K.Branscum@dodgit.com
2155,male,Jessie,K,Hatfield,657 Caldwell Road,Oklahoma City,OK,73102,580-997-8661,1967/10/04,Jessie.K.Hatfield@pookmail.com
2156,male,Richard,C,Elliott,3106 Coal Street,Philipsburg,PA,16866,814-343-6362,1961/12/22,Richard.C.Elliott@spambob.com
2157,female,Donna,C,Ahn,268 Melm Street,East Providence,RI,02914,401-241-9911,1984/11/13,Donna.C.Ahn@spambob.com
2158,male,Robert,M,Park,4299 Hornor Avenue,Mcalester,OK,74501,918-423-8642,1949/07/24,Robert.M.Park@dodgit.com
2159,female,Gloria,R,Carmona,1509 Ford Street,Santa Clara,CA,95054,408-458-4215,1976/11/02,Gloria.R.Carmona@spambob.com
2160,male,Daniel,B,Reyes,1409 Forest Drive,Sterling,VA,20166,703-880-6519,1949/08/24,Daniel.B.Reyes@mailinator.com
2161,male,Robert,C,Fahey,4501 Glenview Drive,Corpus Christi,TX,78401,361-442-2586,1977/03/25,Robert.C.Fahey@spambob.com
2162,female,Shayna,R,Litton,1193 C Street,Framingham,MA,01702,508-390-4797,1972/03/18,Shayna.R.Litton@spambob.com
2163,male,Christopher,T,Brown,3518 Whaley Lane,Whitewater,WI,53190,262-472-2323,1949/10/17,Christopher.T.Brown@pookmail.com
2164,male,Nelson,N,Hobbs,2028 Columbia Road,Philadelphia,DE,19146,302-988-2686,1983/02/28,Nelson.N.Hobbs@spambob.com
2165,female,Lynne,J,Weeks,542 Rose Avenue,New Orleans,LA,70114,504-263-4760,1975/10/12,Lynne.J.Weeks@mailinator.com
2166,male,Harry,P,Anderson,1033 Gregory Lane,Louisville,KY,40202,502-583-8678,1953/09/29,Harry.P.Anderson@trashymail.com
2167,male,Jack,D,Truitt,2039 Nicholas Street,Junction City,KS,66441,785-238-1410,1966/11/28,Jack.D.Truitt@mailinator.com
2168,male,Henry,S,Baxter,1562 County Line Road,Tampa,FL,33602,727-795-1185,1953/03/06,Henry.S.Baxter@mailinator.com
2169,female,Amy,J,Dunlap,4107 Boone Crockett Lane,Poulsbo,WA,98370,360-396-7657,1953/09/11,Amy.J.Dunlap@pookmail.com
2170,female,Junita,W,Lundell,4352 North Avenue,Omaha,NE,68137,402-850-0469,1967/01/17,Junita.W.Lundell@dodgit.com
2171,male,Hubert,K,Songer,811 Eagle Lane,Williams,MN,56686,218-783-9715,1984/01/13,Hubert.K.Songer@pookmail.com
2172,male,Chris,J,Rogers,2465 Flynn Street,Avon Lake,OH,44012,440-933-7076,1953/02/28,Chris.J.Rogers@dodgit.com
2173,male,Tommy,R,Callahan,1331 Kimberly Way,Grand Rapids,MI,49503,616-889-4501,1959/02/16,Tommy.R.Callahan@mailinator.com
2174,male,Gary,C,Perl,4964 Essex Court,South Burlington,VT,05403,802-354-0350,1949/10/29,Gary.C.Perl@dodgit.com
2175,female,Clarissa,J,Hall,4577 Jadewood Drive,Hammond,IN,46320,219-932-6191,1974/02/01,Clarissa.J.Hall@mailinator.com
2176,female,Lisa,R,Bailey,890 Koontz Lane,North Hollywood,CA,91601,818-769-3602,1978/08/27,Lisa.R.Bailey@dodgit.com
2177,female,Rubye,S,Hovis,3815 Science Center Drive,Malta,ID,83342,208-645-5327,1943/11/19,Rubye.S.Hovis@dodgit.com
2178,female,Rose,L,Pratt,881 Post Avenue,Minneapolis,MN,55402,218-976-9087,1963/07/18,Rose.L.Pratt@pookmail.com
2179,male,Ira,S,Killingsworth,750 Charack Road,Loogootee,IN,47553,812-295-2930,1973/09/13,Ira.S.Killingsworth@mailinator.com
2180,male,David,B,Howard,3215 West Side Avenue,Jersey City,NJ,07304,201-207-9728,1972/03/15,David.B.Howard@mailinator.com
2181,male,Matthew,G,Smith,3425 James Martin Circle,Worthington,OH,43085,614-436-5738,1948/12/09,Matthew.G.Smith@pookmail.com
2182,female,Helen,B,Fulton,2476 Hart Country Lane,Columbus,GA,31901,706-536-2478,1947/10/03,Helen.B.Fulton@trashymail.com
2183,male,Donald,V,Miles,2396 Broadcast Drive,Chantilly,VA,22021,703-966-7374,1961/01/22,Donald.V.Miles@pookmail.com
2184,male,John,C,Bond,3501 Chestnut Street,Tampa,FL,33634,727-485-8129,1943/11/14,John.C.Bond@dodgit.com
2185,female,Regina,D,Murphy,3833 Linden Avenue,Orlando,FL,32808,407-522-9593,1968/07/29,Regina.D.Murphy@pookmail.com
2186,male,John,S,Battin,2455 Ryder Avenue,Kent,WA,98032,425-283-0119,1976/06/13,John.S.Battin@spambob.com
2187,female,Lia,D,Cannon,4170 Diamond Cove,Providence,RI,02908,401-303-5772,1953/12/24,Lia.D.Cannon@dodgit.com
2188,female,Marie,F,Ricciardi,3630 Despard Street,Atlanta,GA,30309,404-726-4134,1959/08/20,Marie.F.Ricciardi@pookmail.com
2189,female,Edith,J,Craddock,2925 Eden Drive,San Luis Obispo,CA,93401,805-213-9373,1943/07/03,Edith.J.Craddock@pookmail.com
2190,female,Beverly,C,Edmondson,1325 Edwards Street,Rocky Mount,NC,27804,252-775-0565,1971/01/01,Beverly.C.Edmondson@trashymail.com
2191,female,Deborah,M,Pratt,2081 Ashton Lane,Austin,TX,78741,512-461-5919,1967/10/28,Deborah.M.Pratt@trashymail.com
2192,female,Amy,W,Lavoie,3185 Rardin Drive,Redwood City,CA,94063,650-701-4966,1956/01/28,Amy.W.Lavoie@trashymail.com
2193,male,Arthur,D,Johnson,4570 Woodland Avenue,Osyka,LA,39657,985-548-7915,1957/09/16,Arthur.D.Johnson@trashymail.com
2194,female,Selena,K,Burt,1733 Liberty Avenue,Los Angeles,CA,90014,714-460-5580,1949/11/24,Selena.K.Burt@mailinator.com
2195,female,Sara,A,Smith,4414 Richison Drive,Browning,MT,59417,406-338-3073,1983/01/09,Sara.A.Smith@trashymail.com
2196,female,Sheri,H,Ashton,2862 Wolf Pen Road,San Francisco,CA,94107,650-376-2964,1957/01/23,Sheri.H.Ashton@spambob.com
2197,male,William,D,Dailey,3945 Ryder Avenue,Seattle,WA,98101,425-274-4573,1970/01/31,William.D.Dailey@pookmail.com
2198,male,Clifton,K,Johnson,2286 Post Farm Road,Atlanta,GA,30303,404-271-1513,1966/04/06,Clifton.K.Johnson@mailinator.com
2199,male,Clarence,M,Allison,266 Hillhaven Drive,Los Angeles,CA,90036,323-931-1470,1978/02/21,Clarence.M.Allison@pookmail.com
2200,female,Sarah,R,Bisbee,1364 Villa Drive,South Bend,IN,46601,574-315-5640,1965/03/19,Sarah.R.Bisbee@spambob.com
2201,male,Mark,H,Halcomb,3798 Stout Street,York,PA,17403,717-314-8458,1977/11/18,Mark.H.Halcomb@pookmail.com
2202,female,Teresa,H,Hastings,532 Chipmunk Lane,Bangor,ME,04401,207-279-6134,1971/12/15,Teresa.H.Hastings@spambob.com
2203,female,Susie,K,Serio,3711 Locust Court,Santa Fe Springs,CA,90670,562-500-2957,1982/12/31,Susie.K.Serio@spambob.com
2204,male,Jonathan,R,Winstead,12 Walnut Street,Toomsuba,MS,39364,601-632-5204,1970/06/23,Jonathan.R.Winstead@dodgit.com
2205,male,Kenneth,C,Watts,4323 Hall Valley Drive,Summersville,WV,26651,304-651-3110,1952/03/03,Kenneth.C.Watts@dodgit.com
2206,female,Margaret,E,Crick,2273 Haven Lane,Three Rivers,MI,49093,517-617-0343,1977/11/10,Margaret.E.Crick@spambob.com
2207,male,Robert,B,Sanchez,414 Berry Street,Colorado Springs,CO,80903,719-632-8373,1979/04/29,Robert.B.Sanchez@dodgit.com
2208,female,Stephanie,L,Moore,2602 Pin Oak Drive,Whittier,CA,90606,562-908-2627,1953/12/22,Stephanie.L.Moore@dodgit.com
2209,male,James,E,Costa,473 Kyle Street,Gothenburg,NE,69138,308-537-2820,1964/08/01,James.E.Costa@trashymail.com
2210,male,Philip,J,Cort,2072 Stroop Hill Road,Atlanta,GA,30309,404-898-0835,1944/10/12,Philip.J.Cort@pookmail.com
2211,female,Jeanette,C,Wood,3682 Center Avenue,Fresno,CA,93721,559-339-3402,1965/01/29,Jeanette.C.Wood@mailinator.com
2212,female,Cathy,E,Autry,3291 Clover Drive,Burlington,CO,80807,719-343-9766,1981/06/27,Cathy.E.Autry@spambob.com
2213,male,Donald,M,Franklin,634 Tyler Avenue,Miami,FL,33128,305-374-3202,1979/08/07,Donald.M.Franklin@spambob.com
2214,female,Janie,E,Webb,2246 Margaret Street,Houston,TX,77024,713-919-3519,1970/09/29,Janie.E.Webb@dodgit.com
2215,female,Pat,M,King,1051 Oxford Court,Eupora,MS,39744,662-250-2001,1961/11/29,Pat.M.King@mailinator.com
2216,male,Kenneth,P,Glasgow,131 Duncan Avenue,New York,NY,10016,917-565-2857,1979/03/14,Kenneth.P.Glasgow@dodgit.com
2217,male,Kenneth,T,Richardson,2575 Nelm Street,Fairfax,VA,22030,571-432-4472,1944/12/04,Kenneth.T.Richardson@trashymail.com
2218,male,Jerry,P,Joseph,1933 Hickory Ridge Drive,Las Vegas,NV,89109,702-737-1365,1943/08/05,Jerry.P.Joseph@dodgit.com
2219,female,Lynn,M,Carlson,807 Dale Avenue,Seattle,WA,98161,253-796-4385,1959/06/30,Lynn.M.Carlson@mailinator.com
2220,male,Thomas,L,Parsons,2539 Weekley Street,San Antonio,TX,78202,210-406-2012,1962/12/16,Thomas.L.Parsons@mailinator.com
2221,male,Jason,M,Tiller,1750 Ritter Avenue,Southfield,MI,48075,586-617-8818,1944/04/01,Jason.M.Tiller@spambob.com
2222,female,Barbara,R,Ferguson,3528 Boone Crockett Lane,Seattle,WA,98109,360-453-6573,1966/08/06,Barbara.R.Ferguson@mailinator.com
2223,female,Michelle,J,Dooley,2706 Jones Avenue,Welcome,NC,27374,336-731-8054,1950/05/11,Michelle.J.Dooley@trashymail.com
2224,male,Mark,F,Wingfield,147 Hiddenview Drive,Portland,PA,97205,215-926-6317,1958/07/11,Mark.F.Wingfield@mailinator.com
2225,female,Peggy,J,Thompson,4816 Jefferson Street,Norfolk,VA,23502,757-718-8840,1980/06/02,Peggy.J.Thompson@pookmail.com
2226,male,Weston,M,Anderson,1214 Elm Drive,New York,NY,10013,646-522-8233,1970/12/28,Weston.M.Anderson@trashymail.com
2227,female,Erica,J,Sievers,2676 Reppert Coal Road,Warren,MI,48093,586-979-6643,1983/09/14,Erica.J.Sievers@trashymail.com
2228,male,William,P,Hillman,2585 Melody Lane,Richmond,VA,23220,804-362-2679,1955/10/23,William.P.Hillman@pookmail.com
2229,female,Linda,L,Crum,606 Maud Street,Newark,DE,19711,302-733-2444,1941/07/21,Linda.L.Crum@pookmail.com
2230,male,John,G,Mrozek,765 Derek Drive,Wooster,OH,44691,330-347-5866,1950/02/07,John.G.Mrozek@trashymail.com
2231,female,Terica,M,Starks,4598 Stroop Hill Road,Atlanta,GA,30309,404-871-9815,1978/08/14,Terica.M.Starks@spambob.com
2232,female,Ruby,L,Allen,3024 Maloy Court,Topeka,KS,66608,785-357-7722,1974/08/26,Ruby.L.Allen@trashymail.com
2233,male,Logan,B,Mcclintock,1395 Linda Street,Fort Washington,PA,19034,267-740-9934,1945/02/01,Logan.B.Mcclintock@pookmail.com
2234,female,Judith,R,Sandoval,2346 Hidden Valley Road,Carlisle,PA,17013,717-222-4732,1981/07/26,Judith.R.Sandoval@spambob.com
2235,female,Mary,D,Wheeler,4915 Garrett Street,Battle Creek,MI,49015,269-223-5720,1977/03/24,Mary.D.Wheeler@mailinator.com
2236,male,Michael,E,Roy,289 Hall Valley Drive,Wolf Summit,WV,26462,304-631-3183,1940/01/27,Michael.E.Roy@pookmail.com
2237,female,Betty,D,Bernal,645 Emeral Dreams Drive,Chicago,IL,60601,815-327-6892,1976/06/09,Betty.D.Bernal@mailinator.com
2238,female,Rachel,C,Seely,1997 Melody Lane,Reedville,VA,22539,804-453-0894,1943/02/14,Rachel.C.Seely@trashymail.com
2239,male,Corey,M,Ward,3288 Stroop Hill Road,Atlanta,GA,30309,404-875-6427,1959/12/13,Corey.M.Ward@trashymail.com
2240,female,Maryjane,S,Elliott,472 Summit Park Avenue,Southfield,MI,48075,248-870-5019,1968/10/06,Maryjane.S.Elliott@spambob.com
2241,male,Larry,O,Willette,1319 Shingleton Road,Grand Rapids,MI,49508,269-335-8435,1941/11/21,Larry.O.Willette@trashymail.com
2242,female,Elisa,B,Hicks,1243 Geraldine Lane,New York,NY,10011,646-277-7428,1950/07/17,Elisa.B.Hicks@spambob.com
2243,male,Scott,N,Henderson,4265 Platinum Drive,Sewickley,PA,15143,724-797-1749,1957/07/13,Scott.N.Henderson@dodgit.com
2244,male,Ryan,M,Hunt,1919 Whiteman Street,Camden,NJ,08102,609-870-5165,1964/03/03,Ryan.M.Hunt@dodgit.com
2245,male,Mark,M,Ortiz,2748 McDonald Avenue,Altamonte Springs,FL,32701,407-940-1663,1955/08/09,Mark.M.Ortiz@trashymail.com
2246,male,Matt,E,Balling,406 Passaic Street,Washington,DC,20024,202-314-4996,1962/08/04,Matt.E.Balling@pookmail.com
2247,female,Martha,W,Johnson,2162 Horner Street,Independence,OH,44131,330-998-6138,1954/04/14,Martha.W.Johnson@dodgit.com
2248,female,Sandra,R,Booker,4588 Collins Street,State College,PA,16803,814-253-3296,1967/04/10,Sandra.R.Booker@mailinator.com
2249,female,Mary,G,Rodriguez,4919 Eva Pearl Street,Baton Rouge,LA,70806,225-753-5219,1962/09/13,Mary.G.Rodriguez@trashymail.com
2250,female,Mamie,B,Parrish,1268 Poplar Avenue,San Diego,CA,92103,619-489-7704,1954/05/27,Mamie.B.Parrish@pookmail.com
2251,male,Sergio,D,Thompson,4881 Still Street,Toledo,OH,43615,419-710-2431,1967/07/01,Sergio.D.Thompson@mailinator.com
2252,female,Ann,R,Swift,466 Highland Drive,Neenah,WI,54956,920-729-2823,1955/08/01,Ann.R.Swift@spambob.com
2253,female,Evelyn,J,Goodman,3057 Raver Croft Drive,Chattanooga,TN,37403,423-605-4677,1943/05/11,Evelyn.J.Goodman@pookmail.com
2254,female,Dawn,G,Smith,989 Joanne Lane,Bedford,MA,01730,978-484-0343,1948/02/11,Dawn.G.Smith@pookmail.com
2255,female,Laura,J,Duncan,3068 Rardin Drive,Fremont,CA,94539,650-716-8169,1958/01/22,Laura.J.Duncan@pookmail.com
2256,female,Jane,S,Mora,4209 Vesta Drive,Park Ridge,IL,60068,773-714-3949,1950/10/10,Jane.S.Mora@mailinator.com
2257,male,Gerard,P,Lemons,2179 Mcwhorter Road,Lexington,MS,39095,662-450-8529,1971/02/05,Gerard.P.Lemons@trashymail.com
2258,female,Becky,C,Logan,3150 Layman Avenue,Dunn,NC,28334,910-892-7774,1946/08/05,Becky.C.Logan@dodgit.com
2259,male,David,J,Shaw,2640 Patton Lane,Raleigh,NC,27601,919-278-3101,1949/09/08,David.J.Shaw@pookmail.com
2260,female,Julie,Z,Graham,1166 Rosewood Lane,New York,NY,10014,212-919-3626,1942/03/20,Julie.Z.Graham@spambob.com
2261,male,John,B,Rhodes,1398 Godfrey Road,New York,NY,10019,212-506-9313,1984/06/08,John.B.Rhodes@spambob.com
2262,male,Benjamin,J,Simek,1656 Traders Alley,Weston,MO,64098,816-386-2373,1980/04/20,Benjamin.J.Simek@spambob.com
2263,female,Holly,J,Orlowski,3145 Lake Forest Drive,New York,NY,10007,914-282-5845,1962/05/18,Holly.J.Orlowski@mailinator.com
2264,male,Richard,C,Bickley,806 Mattson Street,Portland,OR,97230,503-348-6889,1973/05/02,Richard.C.Bickley@pookmail.com
2265,female,Carolyn,J,Bennett,2680 Graystone Lakes,Macon,GA,31201,478-738-1668,1977/04/03,Carolyn.J.Bennett@mailinator.com
2266,male,Donnie,L,Howard,4414 Maryland Avenue,Plant City,FL,33566,727-543-6021,1972/06/06,Donnie.L.Howard@mailinator.com
2267,male,David,R,Johnson,963 Ashford Drive,Fairfax,VA,22030,703-691-9104,1970/04/07,David.R.Johnson@pookmail.com
2268,male,Ray,C,James,2350 Bluff Street,Washington,MD,20024,301-752-3039,1961/04/17,Ray.C.James@trashymail.com
2269,male,Jeffrey,M,Mcgee,1326 Maple Avenue,Spokane,ID,99201,208-903-0983,1980/07/06,Jeffrey.M.Mcgee@spambob.com
2270,female,Jessica,T,Jackson,4778 Lighthouse Drive,Branson,MO,65616,417-335-2952,1978/09/29,Jessica.T.Jackson@spambob.com
2271,female,Karen,B,Lundberg,418 Waterview Lane,Las Cruces,NM,88005,505-526-8688,1962/10/26,Karen.B.Lundberg@spambob.com
2272,male,David,C,Hammons,3815 Stuart Street,Indiana,PA,15701,724-357-9062,1943/09/28,David.C.Hammons@trashymail.com
2273,female,Susan,J,Coker,2390 Barfield Lane,Indianapolis,IN,46278,317-507-9440,1978/09/19,Susan.J.Coker@pookmail.com
2274,female,Nancy,M,Calabro,650 Wilson Street,San Diego,CA,92103,760-859-7828,1961/10/20,Nancy.M.Calabro@spambob.com
2275,female,Karen,J,Linton,4598 Simpson Avenue,Landisville,PA,17538,717-892-9400,1950/08/22,Karen.J.Linton@dodgit.com
2276,female,Mirta,W,Holland,4116 Smith Street,Cambridge,MA,02141,508-812-3630,1976/10/02,Mirta.W.Holland@mailinator.com
2277,male,Daniel,L,Billings,3755 Lady Bug Drive,New York,NY,10011,718-955-9119,1975/04/07,Daniel.L.Billings@mailinator.com
2278,male,Jeremy,C,Graham,3803 Lucy Lane,Evansville,IN,47708,812-506-8993,1953/04/06,Jeremy.C.Graham@dodgit.com
2279,female,Joi,B,Ford,1543 Deercove Drive,Dallas,TX,75202,214-939-9400,1983/12/05,Joi.B.Ford@spambob.com
2280,female,Judith,R,Holliman,1357 Owagner Lane,Seattle,WA,98119,206-283-9028,1974/05/24,Judith.R.Holliman@spambob.com
2281,male,Calvin,R,Calhoun,4618 Winifred Way,Marion,IN,46953,765-673-6726,1945/02/14,Calvin.R.Calhoun@mailinator.com
2282,male,Jose,J,Dukes,2188 Drummond Street,Clifton,NJ,07011,973-253-8619,1947/09/07,Jose.J.Dukes@pookmail.com
2283,male,Jimmy,E,Atwell,1998 Candlelight Drive,Houston,TX,77038,281-448-2027,1971/11/05,Jimmy.E.Atwell@pookmail.com
2284,male,Shane,E,Duran,3612 Hill Haven Drive,Waco,TX,76706,254-266-0995,1945/09/15,Shane.E.Duran@trashymail.com
2285,male,Timothy,R,Gillespie,628 West Fork Drive,Pompano Beach,FL,33064,954-410-6874,1962/03/07,Timothy.R.Gillespie@spambob.com
2286,male,Anthony,B,Cooper,2570 Golden Ridge Road,Saranac,NY,12981,518-293-7216,1970/11/23,Anthony.B.Cooper@mailinator.com
2287,male,Darrell,N,Webb,644 Columbia Boulevard,Windsor Mill,MD,21244,410-507-9140,1949/05/22,Darrell.N.Webb@spambob.com
2288,male,Eddie,A,Cahill,3398 Cecil Street,Chicago,IL,60634,312-241-0681,1949/10/06,Eddie.A.Cahill@mailinator.com
2289,male,Shawn,J,Smith,74 Stratford Court,Durham,NC,27701,919-686-5509,1963/03/14,Shawn.J.Smith@spambob.com
2290,male,Eugene,L,Laramie,2171 Crestview Manor,Indianapolis,IN,46214,317-319-6439,1948/07/16,Eugene.L.Laramie@dodgit.com
2291,male,Joseph,M,Pickett,925 Boone Crockett Lane,Seattle,WA,98119,360-469-9900,1972/10/28,Joseph.M.Pickett@trashymail.com
2292,female,Rachel,M,Chaffin,4932 Maple Lane,Attalla,AL,35954,256-538-3669,1940/11/19,Rachel.M.Chaffin@spambob.com
2293,female,Carol,D,Davis,3714 Chenoweth Drive,Columbia,TN,38401,931-540-1535,1953/03/29,Carol.D.Davis@spambob.com
2294,female,Eunice,T,Rice,2758 Trymore Road,Le Sueur,MN,56058,507-665-8629,1976/06/05,Eunice.T.Rice@pookmail.com
2295,male,Frank,J,Salcedo,1027 Wright Court,Montgomery,AL,36117,205-928-7570,1963/01/14,Frank.J.Salcedo@trashymail.com
2296,male,Joshua,L,Mccann,2383 Daffodil Lane,Mclean,VA,22101,703-442-0566,1949/01/24,Joshua.L.Mccann@mailinator.com
2297,male,Kevin,S,Padilla,1360 Cottrill Lane,Maryland Heights,MO,63141,314-433-4572,1958/11/26,Kevin.S.Padilla@spambob.com
2298,male,Randall,A,Bullard,451 College View,Metropolis,IL,62960,618-685-0633,1967/02/04,Randall.A.Bullard@trashymail.com
2299,female,Peggy,T,Jackson,994 Palmer Road,Columbus,OH,43212,614-652-8753,1958/01/02,Peggy.T.Jackson@mailinator.com
2300,female,Katherine,K,Todd,31 Spirit Drive,Orange City,FL,32763,386-775-9609,1977/08/09,Katherine.K.Todd@mailinator.com
2301,male,Michael,L,Fletcher,50 Waterview Lane,Springer,NM,87747,505-483-9856,1962/01/23,Michael.L.Fletcher@mailinator.com
2302,male,Ryan,C,Sitz,4874 Cliffside Drive,Unadilla,NY,13849,607-369-9789,1960/02/13,Ryan.C.Sitz@trashymail.com
2303,female,Ada,P,Raby,4970 Musgrave Street,Okla City,OK,73107,405-209-1217,1940/08/20,Ada.P.Raby@dodgit.com
2304,female,Theressa,J,Donaldson,3943 Memory Lane,Wellington,IL,60973,815-984-4255,1976/12/04,Theressa.J.Donaldson@spambob.com
2305,male,Tony,T,Cottrell,4626 Pretty View Lane,Concord,CA,94520,707-953-7470,1958/07/23,Tony.T.Cottrell@dodgit.com
2306,male,Douglas,E,Cordero,3984 Marie Street,Baltimore,MD,21217,410-936-4101,1971/07/12,Douglas.E.Cordero@mailinator.com
2307,female,Paulette,B,Tran,3341 Small Street,New York,NY,10022,212-848-1660,1964/02/05,Paulette.B.Tran@trashymail.com
2308,male,Clifford,I,Pilcher,1718 Lakeland Park Drive,Atlanta,GA,30303,770-580-5778,1957/04/18,Clifford.I.Pilcher@trashymail.com
2309,male,Robert,T,Pierre,2143 Walnut Drive,Casselton,ND,58012,701-347-8835,1960/06/21,Robert.T.Pierre@pookmail.com
2310,female,Jessica,K,Demery,3398 Hilltop Drive,Borger,TX,79007,806-275-6077,1948/03/27,Jessica.K.Demery@trashymail.com
2311,female,Anne,C,Thomas,3777 Clark Street,Aurora,IL,60505,630-978-2488,1951/06/29,Anne.C.Thomas@trashymail.com
2312,female,Veda,R,Hathaway,394 Petunia Way,Birmingham,AL,35222,205-902-9031,1979/02/06,Veda.R.Hathaway@pookmail.com
2313,female,Heather,L,Gentry,4717 Bird Spring Lane,Houston,TX,77060,281-518-4386,1977/08/22,Heather.L.Gentry@dodgit.com
2314,male,William,R,Harper,812 Ben Street,East Lansing,MI,48823,517-984-3196,1974/04/02,William.R.Harper@trashymail.com
2315,male,Ricky,K,Province,2231 Saint James Drive,New Brunswick,PA,08901,717-460-0306,1971/08/03,Ricky.K.Province@mailinator.com
2316,female,Laverne,J,Scott,545 Linden Avenue,Orlando,FL,32805,407-590-8016,1946/11/25,Laverne.J.Scott@pookmail.com
2317,male,Todd,M,Haggard,291 Hillcrest Avenue,Cambridge,MA,02141,781-836-0015,1955/11/20,Todd.M.Haggard@mailinator.com
2318,male,Gregory,M,Davis,3507 Walkers Ridge Way,Downers Grove,IL,60515,630-275-0232,1949/05/16,Gregory.M.Davis@mailinator.com
2319,male,Levi,C,Ross,2606 Wood Duck Drive,Marquette,MI,49855,906-399-2501,1940/07/25,Levi.C.Ross@spambob.com
2320,female,Ruby,B,Wass,3980 Barnes Street,Orlando,FL,32810,407-310-9429,1973/03/11,Ruby.B.Wass@trashymail.com
2321,female,Candice,T,Johnson,3344 Eastland Avenue,Natchez,MS,39120,601-446-4669,1968/12/04,Candice.T.Johnson@pookmail.com
2322,male,Henry,P,Rossetti,2167 Coulter Lane,Richmond,VA,23224,804-276-2023,1973/01/12,Henry.P.Rossetti@mailinator.com
2323,male,Kenneth,M,Belew,376 Pearcy Avenue,Fort Wayne,IN,46804,260-750-7152,1945/09/03,Kenneth.M.Belew@pookmail.com
2324,male,Nicholas,M,Evans,4129 Bird Spring Lane,Kemah,TX,77565,281-535-8569,1985/09/02,Nicholas.M.Evans@trashymail.com
2325,male,Roland,A,Cline,2335 Kelly Drive,West Union,WV,26456,304-873-8070,1949/12/22,Roland.A.Cline@spambob.com
2326,female,Jessica,D,Baxter,4642 Nash Street,Chicago,IL,60616,312-949-7208,1979/10/20,Jessica.D.Baxter@trashymail.com
2327,male,Ronald,L,Hill,161 Pin Oak Drive,Whittier,CA,90603,562-947-3268,1946/04/10,Ronald.L.Hill@spambob.com
2328,female,Karen,C,Boatright,2160 Lena Lane,Hattiesburg,MS,39402,601-549-4107,1978/01/12,Karen.C.Boatright@mailinator.com
2329,female,Grace,D,Atkinson,3121 Simpson Street,Bloomington,IL,61701,309-820-6940,1941/07/18,Grace.D.Atkinson@mailinator.com
2330,female,Tonya,J,Tibbitts,1768 Sycamore Lake Road,Green Bay,WI,54303,920-493-6128,1945/09/07,Tonya.J.Tibbitts@trashymail.com
2331,male,Larry,K,Summers,763 Garfield Road,Peoria,IL,61602,309-671-2413,1941/12/12,Larry.K.Summers@trashymail.com
2332,female,Laurie,N,Dyer,2128 Fieldcrest Road,Brentwood,NY,11717,631-952-8122,1955/04/29,Laurie.N.Dyer@mailinator.com
2333,female,Penny,D,Bradley,4752 Wilson Street,Barstow,CA,92311,760-957-0099,1951/01/01,Penny.D.Bradley@dodgit.com
2334,female,Alice,W,Morris,1980 Tyler Avenue,Miami Springs,FL,33166,305-290-7996,1981/06/06,Alice.W.Morris@mailinator.com
2335,female,Janel,J,Cote,2103 Eastland Avenue,Hattiesburg,MS,39402,601-381-3053,1961/04/09,Janel.J.Cote@pookmail.com
2336,male,Michael,P,White,3089 Lauren Drive,Madison,WI,53703,608-473-0303,1974/02/10,Michael.P.White@trashymail.com
2337,female,Martha,K,Rodriguez,1312 South Street,Midland,TX,79701,432-617-2514,1978/07/23,Martha.K.Rodriguez@pookmail.com
2338,female,Christina,F,Brame,3450 Mulberry Street,Houston,TX,77060,936-657-3457,1963/06/30,Christina.F.Brame@trashymail.com
2339,male,Charles,L,Smith,3716 Kincheloe Road,Tigard,OR,97223,503-535-7136,1972/04/09,Charles.L.Smith@mailinator.com
2340,female,Lucile,L,Vinson,3613 Ray Court,Jacksonville,NC,28540,910-348-1059,1963/07/05,Lucile.L.Vinson@pookmail.com
2341,male,Albert,K,Parra,1146 Quincy Street,Ambler,PA,19002,267-468-4890,1984/01/14,Albert.K.Parra@pookmail.com
2342,female,Irene,A,Hendrix,3810 Newton Street,Saint Cloud,MN,56303,320-350-4511,1943/08/09,Irene.A.Hendrix@pookmail.com
2343,male,Vernon,G,Farrar,772 Norman Street,Los Angeles,CA,90063,323-264-5966,1942/02/11,Vernon.G.Farrar@pookmail.com
2344,male,Mike,T,Andrews,3593 Ersel Street,Dallas,TX,75211,214-331-3931,1972/02/11,Mike.T.Andrews@spambob.com
2345,female,Eleanor,S,Hassan,2189 Peck Street,Whitefield,NH,03598,603-837-3341,1967/03/30,Eleanor.S.Hassan@mailinator.com
2346,male,Mathew,B,Johnson,2149 Upland Avenue,Toledo,OH,43609,419-928-0936,1978/02/27,Mathew.B.Johnson@mailinator.com
2347,male,Harold,F,Lowe,3138 Todds Lane,San Antonio,TX,78209,210-467-3527,1964/07/30,Harold.F.Lowe@spambob.com
2348,female,Su,A,Bourgault,580 Beechwood Avenue,Belvidere,NJ,07823,908-750-1283,1942/10/25,Su.A.Bourgault@pookmail.com
2349,male,Walter,J,Ramey,3678 Coplin Avenue,Phoenix,AZ,85034,602-558-9796,1946/07/31,Walter.J.Ramey@spambob.com
2350,male,Timothy,J,Buswell,1688 Calvin Street,Baltimore,MD,21201,443-390-8015,1985/01/26,Timothy.J.Buswell@pookmail.com
2351,female,Shanna,P,Blake,1277 Dark Hollow Road,La Valle,WI,53941,608-985-8102,1985/08/16,Shanna.P.Blake@trashymail.com
2352,female,Sharon,L,Lewis,1604 Cody Ridge Road,Enid,OK,73701,580-542-8948,1971/08/26,Sharon.L.Lewis@spambob.com
2353,female,Debera,G,Rowlett,4450 Linda Street,Philadelphia,PA,19123,267-919-7226,1964/06/24,Debera.G.Rowlett@dodgit.com
2354,male,Samuel,M,Rios,503 Shady Pines Drive,Wytheville,VA,24382,276-200-4659,1963/09/26,Samuel.M.Rios@dodgit.com
2355,female,Lucille,G,Gurganus,1027 Southside Lane,Bell,CA,90201,323-773-8997,1970/08/21,Lucille.G.Gurganus@mailinator.com
2356,female,Barbara,B,Bright,1107 Brown Avenue,Laurens,SC,29360,864-872-0948,1957/06/16,Barbara.B.Bright@dodgit.com
2357,male,David,C,Mackey,96 Gorby Lane,Mccomb,MS,39648,601-233-4473,1958/05/01,David.C.Mackey@pookmail.com
2358,female,Jill,K,Madden,2539 Friendship Lane,Santa Clara,CA,95054,408-696-1833,1963/12/21,Jill.K.Madden@trashymail.com
2359,male,Jason,J,Gillman,2849 Star Route,Bellwood,IL,60104,708-547-8713,1962/12/09,Jason.J.Gillman@trashymail.com
2360,male,Robert,M,Black,2057 Richland Avenue,Sugar Land,TX,77487,281-340-9966,1966/05/27,Robert.M.Black@trashymail.com
2361,female,Carrie,C,Mccomas,2203 Hickory Heights Drive,Columbia,MD,21045,443-860-1593,1945/10/07,Carrie.C.Mccomas@mailinator.com
2362,male,Leroy,A,Morales,3618 Calvin Street,Woodlawn,MD,21207,443-436-7823,1969/07/20,Leroy.A.Morales@trashymail.com
2363,male,Benito,J,Perez,138 Spring Street,Golden,IL,62339,217-812-4099,1970/12/31,Benito.J.Perez@trashymail.com
2364,male,Donald,C,Cote,1823 Locust Court,Irvine,CA,92614,562-396-5747,1975/07/17,Donald.C.Cote@spambob.com
2365,male,Rick,L,Simmons,3849 Farland Street,Walpole,MA,02081,774-219-1716,1985/07/22,Rick.L.Simmons@trashymail.com
2366,female,Elizabeth,M,Gibson,3833 Vineyard Drive,Cleveland,OH,44115,440-435-5265,1978/07/05,Elizabeth.M.Gibson@dodgit.com
2367,female,Haley,R,Hassan,1065 Poe Road,Myrtle Beach,SC,29575,843-233-0546,1964/03/02,Haley.R.Hassan@trashymail.com
2368,male,Mark,K,Mcwhorter,100 Johnstown Road,Chicago,IL,60606,847-377-5333,1947/07/10,Mark.K.Mcwhorter@spambob.com
2369,female,Jamie,W,Stafford,4232 Buck Drive,Brattleboro,VT,05301,802-254-7260,1940/10/09,Jamie.W.Stafford@trashymail.com
2370,male,Pablo,D,Clark,635 Cardinal Lane,Springfield,IL,62703,217-206-9901,1952/03/17,Pablo.D.Clark@pookmail.com
2371,male,Don,N,Fuller,1312 Randall Drive,Honolulu,HI,96819,808-783-5741,1976/11/12,Don.N.Fuller@mailinator.com
2372,female,Alexis,J,Wesolowski,326 Goldleaf Lane,Newark,NJ,07102,201-590-7823,1959/12/14,Alexis.J.Wesolowski@pookmail.com
2373,male,Christopher,V,Jones,1389 Hillcrest Avenue,Waltham,MA,02154,781-788-9749,1968/12/07,Christopher.V.Jones@spambob.com
2374,male,Brady,M,Boice,1619 Tuna Street,Flint,MI,48502,810-767-1454,1976/09/23,Brady.M.Boice@spambob.com
2375,female,Shelia,M,Tracy,3061 Jones Avenue,Winston Salem,NC,27101,336-734-1510,1942/02/25,Shelia.M.Tracy@dodgit.com
2376,female,Karen,J,Arline,1624 Freedom Lane,Yosemite,CA,95389,209-372-2941,1973/07/11,Karen.J.Arline@dodgit.com
2377,female,Betty,T,Lee,4931 Hidden Meadow Drive,Binford,ND,58416,701-676-7530,1963/09/01,Betty.T.Lee@pookmail.com
2378,female,Lisa,A,Jones,3091 Franklin Street,Montgomery,AL,36104,334-651-3486,1942/05/06,Lisa.A.Jones@spambob.com
2379,male,David,T,Heidelberg,4250 Melville Street,Arlington,TN,38002,731-445-0485,1973/12/13,David.T.Heidelberg@trashymail.com
2380,male,John,M,Hinshaw,4020 Raver Croft Drive,Cleveland,TN,37311,423-614-3173,1983/01/22,John.M.Hinshaw@trashymail.com
2381,male,Pedro,C,Price,2903 Eva Pearl Street,Convent,LA,70723,225-562-1108,1976/11/09,Pedro.C.Price@trashymail.com
2382,female,Maria,S,Harrison,4794 Still Street,Oregon,OH,43616,419-693-6692,1976/03/05,Maria.S.Harrison@trashymail.com
2383,female,Veronica,C,Lewis,1712 Farnum Road,New York,NY,10007,212-386-8298,1946/12/08,Veronica.C.Lewis@mailinator.com
2384,female,Chantel,C,Duncan,4919 College Street,Atlanta,GA,30329,404-320-1588,1946/08/31,Chantel.C.Duncan@spambob.com
2385,male,Frederick,A,Grady,1164 Creekside Lane,Ventura,CA,93003,805-655-7347,1951/07/15,Frederick.A.Grady@pookmail.com
2386,female,Brenda,B,Say,4851 Pallet Street,New York,NY,10004,914-302-5576,1946/02/04,Brenda.B.Say@pookmail.com
2387,male,Brian,C,Liu,1326 Cinnamon Lane,San Antonio,TX,78209,210-832-6638,1943/06/24,Brian.C.Liu@dodgit.com
2388,female,Letha,L,Inabinet,3543 Custer Street,Erie,PA,16509,814-866-4450,1983/10/01,Letha.L.Inabinet@dodgit.com
2389,female,Robert,S,Bracero,1562 Garfield Road,Bloomington,IL,61704,309-664-1768,1953/09/09,Robert.S.Bracero@spambob.com
2390,male,Lonnie,V,Daugherty,4978 Cheshire Road,New Haven,CT,06510,203-432-3554,1943/10/03,Lonnie.V.Daugherty@dodgit.com
2391,male,Ryan,E,Mattoon,1974 Tori Lane,Draper,UT,84020,801-572-0640,1948/05/25,Ryan.E.Mattoon@dodgit.com
2392,female,Donna,R,Walker,3587 Glory Road,Nashville,TN,37210,931-674-8295,1951/12/06,Donna.R.Walker@spambob.com
2393,female,Paula,P,Mann,883 Heritage Road,Terra Bella,CA,93270,559-782-5644,1977/10/31,Paula.P.Mann@dodgit.com
2394,male,Christopher,B,Bennett,534 Rubaiyat Road,Traverse City,MI,49684,231-631-4636,1957/02/06,Christopher.B.Bennett@spambob.com
2395,male,Manuel,D,Stockman,1247 Coolidge Street,Beach,MT,58621,406-877-1688,1979/12/29,Manuel.D.Stockman@pookmail.com
2396,male,Jeffrey,M,Dantonio,730 Cedar Street,Corning,AR,72422,870-857-5879,1975/10/12,Jeffrey.M.Dantonio@pookmail.com
2397,male,James,J,Scott,533 Filbert Street,Fort Washington,PA,19034,610-795-9763,1981/06/28,James.J.Scott@pookmail.com
2398,male,Clyde,B,Green,840 Garrett Street,Philadelphia,PA,19108,267-989-8913,1979/01/23,Clyde.B.Green@pookmail.com
2399,female,Mary,K,Deluca,4318 Pin Oak Drive,Des Moines,IA,50309,563-232-1792,1979/06/23,Mary.K.Deluca@trashymail.com
2400,female,Victoria,M,Roy,1670 Villa Drive,Elkhart,IN,46516,574-539-8097,1971/07/24,Victoria.M.Roy@mailinator.com
