ID,Gender,Firstname,Middle,Lastname,Address,City,State,Zipcode,Telephone,Birthday,Email
1201,female,Nancy,K,Mata,3813 Eden Drive,Richmond,VA,23227,804-885-2218,1976/09/25,Nancy.K.Mata@mailinator.com
1202,female,Pearl,T,Strunk,317 Adams Avenue,Washington,MD,20004,301-628-6939,1957/06/18,Pearl.T.Strunk@trashymail.com
1203,male,Hector,T,Edington,4936 Lowland Drive,Woodstock,IL,60098,815-338-7090,1965/06/21,Hector.T.Edington@mailinator.com
1204,female,Betty,R,Jones,4524 Finwood Road,East Dover,NJ,08753,732-506-8751,1958/05/16,Betty.R.Jones@pookmail.com
1205,male,Doug,L,Miller,3475 Joanne Lane,Haverhill,MA,01830,978-521-9635,1985/04/22,Doug.L.Miller@spambob.com
1206,female,Mary,W,Murphy,2433 Fire Access Road,North Wilkesboro,NC,28659,336-838-7500,1981/12/20,Mary.W.Murphy@dodgit.com
1207,female,Laura,R,Torres,4300 Ersel Street,Dallas,TX,75215,214-428-3676,1959/09/25,Laura.R.Torres@dodgit.com
1208,male,Scott,C,Stinson,2575 Fittro Street,Kingsland,AR,71652,870-348-4089,1948/12/14,Scott.C.Stinson@trashymail.com
1209,male,Miguel,S,Wright,799 Kelley Road,Gulfport,MS,39501,228-270-2991,1961/08/25,Miguel.S.Wright@mailinator.com
1210,female,Lucia,T,Hughes,2602 Center Street,Fresno,CA,93721,559-207-5502,1951/05/22,Lucia.T.Hughes@spambob.com
1211,male,Thomas,W,Bray,452 Wescam Court,Boston,MA,02199,781-217-6993,1952/03/09,Thomas.W.Bray@trashymail.com
1212,female,Jenifer,D,Mcclellan,725 Johnson Street,Cary,NC,27513,919-842-2103,1985/04/03,Jenifer.D.Mcclellan@dodgit.com
1213,male,Whitney,C,Allison,4226 Pallet Street,New York,NY,10013,914-449-3345,1971/04/21,Whitney.C.Allison@mailinator.com
1214,male,Jason,B,Shelton,2985 Lords Way,Memphis,TN,38118,731-602-3773,1947/01/31,Jason.B.Shelton@mailinator.com
1215,female,Neva,J,Wells,4350 Willison Street,Minneapolis,MN,55401,763-431-5588,1948/02/17,Neva.J.Wells@pookmail.com
1216,female,Angela,A,Nadeau,2617 Conifer Drive,Bellevue,WA,98007,425-401-6426,1964/11/19,Angela.A.Nadeau@pookmail.com
1217,male,Walter,E,Reyes,74 Oak Street,Syracuse,NY,13202,315-309-6828,1949/02/27,Walter.E.Reyes@mailinator.com
1218,male,Rudolph,V,Grainger,2103 Hurry Street,Herndon,VA,22070,540-318-4067,1976/06/04,Rudolph.V.Grainger@spambob.com
1219,female,Bonnie,D,Dennison,3748 Hardman Road,Burlington,VT,05401,802-857-7606,1957/07/21,Bonnie.D.Dennison@trashymail.com
1220,male,Robert,D,Lade,2732 Masonic Hill Road,Little Rock,AR,72210,501-454-8989,1968/01/27,Robert.D.Lade@mailinator.com
1221,male,Michael,A,Huffman,2582 Chandler Hollow Road,Pittsburgh,PA,15217,412-421-9730,1962/01/08,Michael.A.Huffman@dodgit.com
1222,male,Larry,S,Mathis,4760 Willison Street,Golden Valley,MN,55427,763-229-8555,1944/08/01,Larry.S.Mathis@trashymail.com
1223,male,Anthony,L,Nowlin,3791 Ryder Avenue,Everett,WA,98205,425-377-1324,1969/04/11,Anthony.L.Nowlin@spambob.com
1224,female,Sarah,A,Medina,4286 County Line Road,Bayou,FL,34665,727-768-5613,1955/02/11,Sarah.A.Medina@mailinator.com
1225,female,Jean,R,Shaw,1829 Big Indian,New Orleans,LA,70112,504-561-3543,1955/11/05,Jean.R.Shaw@spambob.com
1226,female,Thelma,R,Embry,2840 Oral Lake Road,Shakopee,MN,55379,952-403-8397,1981/10/22,Thelma.R.Embry@pookmail.com
1227,male,Eugene,J,Anglin,4486 Reppert Coal Road,Westland,MI,48185,586-883-9825,1952/02/27,Eugene.J.Anglin@spambob.com
1228,female,Ruby,B,Velazquez,149 Nash Street,Southfield,MI,48075,313-216-0513,1947/11/17,Ruby.B.Velazquez@pookmail.com
1229,male,Roy,C,Benton,3397 Ella Street,Millbrae,CA,94030,650-259-7752,1974/01/25,Roy.C.Benton@dodgit.com
1230,female,Andrea,E,Gutierrez,3411 Walnut Hill Drive,Portland,OH,45204,513-296-6719,1964/05/17,Andrea.E.Gutierrez@trashymail.com
1231,female,Susan,B,Connally,490 Chicago Avenue,Hanford,CA,93230,559-584-6436,1968/01/31,Susan.B.Connally@dodgit.com
1232,male,Charles,I,Evenson,4010 Raccoon Run,Seattle,WA,98101,206-934-4231,1972/06/28,Charles.I.Evenson@spambob.com
1233,female,Sharon,P,Collins,3473 Valley View Drive,Boston,MA,02114,617-742-5586,1961/04/27,Sharon.P.Collins@dodgit.com
1234,female,Bethany,L,Brown,460 Post Avenue,Wolcott,IN,47995,219-279-7300,1954/05/02,Bethany.L.Brown@mailinator.com
1235,male,Ronald,J,Ollis,4536 Frank Avenue,Springfield,MA,01105,413-272-3998,1982/03/19,Ronald.J.Ollis@spambob.com
1236,male,Timothy,J,Bianchi,2180 Geraldine Lane,New York,NY,10011,646-303-7508,1973/07/26,Timothy.J.Bianchi@pookmail.com
1237,female,Gertrude,T,Fitzgerald,1111 Weekley Street,San Antonio,TX,78212,210-364-7680,1981/06/15,Gertrude.T.Fitzgerald@mailinator.com
1238,male,Burton,J,Saavedra,2000 Ashwood Drive,Hamburg,IA,51640,712-382-3400,1966/06/13,Burton.J.Saavedra@trashymail.com
1239,male,Chad,E,Scott,1788 Lucky Duck Drive,Crafton,PA,15205,412-919-6796,1963/04/06,Chad.E.Scott@dodgit.com
1240,male,Joe,L,Eberhardt,657 Bubby Drive,Austin,TX,78747,512-367-6420,1945/11/07,Joe.L.Eberhardt@mailinator.com
1241,male,Peter,C,Bishop,3955 Trouser Leg Road,Waukesha,WI,53186,414-205-2710,1945/10/27,Peter.C.Bishop@spambob.com
1242,female,Suzanne,J,Seim,145 Bicetown Road,New York,NY,10011,917-334-2738,1948/08/16,Suzanne.J.Seim@pookmail.com
1243,female,Constance,M,Moreno,587 Hall Street,Las Vegas,NV,89101,702-492-9015,1984/07/23,Constance.M.Moreno@spambob.com
1244,female,Diana,G,Laws,2136 Perry Street,Westland,MI,48185,810-656-5122,1960/10/09,Diana.G.Laws@spambob.com
1245,male,Jeremy,M,Knickerbocker,1628 Kennedy Court,Foxboro,MA,02035,774-565-5636,1940/03/16,Jeremy.M.Knickerbocker@pookmail.com
1246,female,Vernell,R,Barham,1778 Beech Street,Concord,CA,94520,925-699-2902,1951/11/13,Vernell.R.Barham@trashymail.com
1247,male,Jerry,L,Rowell,912 Mount Street,Hemlock,MI,48626,989-642-9976,1983/08/11,Jerry.L.Rowell@pookmail.com
1248,male,Gerald,V,Grossman,4769 Rose Street,Elmhurst,IL,60126,708-243-6094,1944/08/15,Gerald.V.Grossman@mailinator.com
1249,female,Megan,A,Smith,2498 Barfield Lane,Indianapolis,IN,46204,317-555-3801,1957/02/14,Megan.A.Smith@pookmail.com
1250,male,Jerry,R,Castleman,1570 Polk Street,Tucson,AZ,85701,520-981-7276,1956/10/02,Jerry.R.Castleman@pookmail.com
1251,female,Deborah,A,Orozco,851 Union Street,Seattle,WA,98161,206-664-3512,1943/07/14,Deborah.A.Orozco@pookmail.com
1252,female,Dawn,G,Fogarty,3256 Orphan Road,Eau Claire,WI,54701,715-912-9943,1965/07/29,Dawn.G.Fogarty@pookmail.com
1253,male,Miles,M,Petty,3738 Locust View Drive,Springfield,MO,65802,417-216-1137,1940/12/25,Miles.M.Petty@spambob.com
1254,female,Wendy,J,Carter,1348 Asylum Avenue,New Fairfield,CT,06810,203-746-8415,1948/03/18,Wendy.J.Carter@dodgit.com
1255,female,Laura,J,Esparza,3874 Hickory Heights Drive,Hanover,MD,21076,443-968-1698,1979/11/08,Laura.J.Esparza@trashymail.com
1256,male,Dale,T,Wylie,4449 Stroop Hill Road,Atlanta,GA,30305,404-869-9809,1978/12/11,Dale.T.Wylie@pookmail.com
1257,female,Helen,J,Bailey,902 Rodney Street,St Louis,MO,63101,636-557-1887,1956/10/30,Helen.J.Bailey@pookmail.com
1258,female,Lisa,R,Dunn,712 Ash Avenue,Saint Louis,MO,63141,314-812-8770,1940/04/07,Lisa.R.Dunn@dodgit.com
1259,female,Mary,T,Cummings,1121 Patterson Street,Houston,TX,77032,713-269-7320,1962/02/25,Mary.T.Cummings@trashymail.com
1260,male,Keith,C,Rasmussen,4766 Rockford Road,Bedford,MA,01730,774-613-2763,1968/09/10,Keith.C.Rasmussen@trashymail.com
1261,female,Ruth,N,Hicks,390 Clousson Road,Hartley,IA,51346,712-949-0305,1974/02/17,Ruth.N.Hicks@dodgit.com
1262,female,Mary,R,Price,3206 Adams Drive,College Station,TX,77840,979-485-1978,1960/07/23,Mary.R.Price@pookmail.com
1263,female,Lisa,J,Vigil,3387 McDonald Avenue,Orlando,FL,32809,407-825-9824,1980/08/31,Lisa.J.Vigil@dodgit.com
1264,male,Barry,J,Santiago,4794 John Avenue,Grand Rapids,MI,49503,517-774-0934,1965/10/11,Barry.J.Santiago@dodgit.com
1265,male,Donald,L,Felipe,4732 Carter Street,Dale,IL,62829,618-773-0805,1976/01/16,Donald.L.Felipe@dodgit.com
1266,male,Julius,V,Darnell,4690 Clousson Road,Des Moines,IA,50309,712-844-9717,1962/10/25,Julius.V.Darnell@spambob.com
1267,female,Michelle,M,Williams,3159 Francis Mine,Standish,CA,96128,530-254-4932,1976/09/05,Michelle.M.Williams@mailinator.com
1268,female,Nina,R,Felix,486 Rhapsody Street,Ocala,FL,32671,352-390-3178,1974/03/09,Nina.R.Felix@dodgit.com
1269,female,Amy,B,Palacios,4910 Red Maple Drive,Irvine,CA,92618,323-423-0135,1963/11/15,Amy.B.Palacios@trashymail.com
1270,male,Clifford,M,Daley,4674 Hickory Lane,Stamford,CT,06995,203-223-9348,1973/06/05,Clifford.M.Daley@mailinator.com
1271,female,Deborah,G,Fitzpatrick,3769 Pallet Street,West Nyack,NY,10994,914-393-0896,1979/12/16,Deborah.G.Fitzpatrick@pookmail.com
1272,male,John,T,Walker,2056 Maud Street,Smyrna,DE,19977,302-653-8325,1967/08/27,John.T.Walker@mailinator.com
1273,female,Katherine,C,Baber,29 Traction Street,Gaffney,SC,29340,864-487-3337,1980/10/18,Katherine.C.Baber@spambob.com
1274,male,Donald,J,Dye,481 Ash Avenue,Saint Louis,MO,63146,314-945-3567,1984/04/17,Donald.J.Dye@trashymail.com
1275,female,Edna,P,Ballard,442 Armbrester Drive,Gardena,CA,90247,310-512-3386,1978/03/04,Edna.P.Ballard@pookmail.com
1276,female,Patricia,H,Derby,1805 Crummit Lane,Mahaska,NE,66955,402-247-7923,1946/08/23,Patricia.H.Derby@spambob.com
1277,male,Randy,C,Romero,4395 Lochmere Lane,Groton,CT,06340,860-433-6674,1964/12/01,Randy.C.Romero@trashymail.com
1278,female,Gladys,V,Gilmore,4455 Jim Rosa Lane,San Francisco,CA,94118,415-752-3578,1947/11/27,Gladys.V.Gilmore@pookmail.com
1279,male,Morgan,S,Spencer,3573 Hurry Street,Roanoke,VA,24011,540-352-1556,1945/05/23,Morgan.S.Spencer@mailinator.com
1280,male,Nathan,J,Fricke,3979 Crummit Lane,Lincoln,NE,68501,402-205-2374,1985/09/03,Nathan.J.Fricke@spambob.com
1281,male,Thomas,C,Tyler,1391 Kelly Drive,Spencer,WV,25276,304-927-6900,1957/01/20,Thomas.C.Tyler@mailinator.com
1282,female,Dana,T,Herring,4045 Candlelight Drive,Katy,TX,77493,281-396-7120,1942/07/23,Dana.T.Herring@mailinator.com
1283,male,Bryon,D,Cammack,865 Hudson Street,Newark,NJ,07112,973-926-2673,1978/01/15,Bryon.D.Cammack@trashymail.com
1284,female,Ivy,C,Penny,2555 Henery Street,Wichita,KS,67226,316-928-0934,1976/11/01,Ivy.C.Penny@spambob.com
1285,male,Clyde,L,Plascencia,2632 Lowndes Hill Park Road,Palmdale,CA,93550,661-537-2555,1958/12/29,Clyde.L.Plascencia@mailinator.com
1286,male,Todd,B,Khoury,3817 Clinton Street,Little Rock,AR,72210,501-253-6345,1953/10/09,Todd.B.Khoury@spambob.com
1287,male,Michael,L,Ramsay,3482 Colony Street,Norwalk,CT,06854,203-243-5678,1955/01/06,Michael.L.Ramsay@pookmail.com
1288,male,George,B,Mcnamara,4956 Kuhl Avenue,Atlanta,GA,30303,678-659-1601,1969/01/17,George.B.Mcnamara@mailinator.com
1289,female,Inez,C,Washington,3542 Cessna Drive,Fort Wayne,IN,46802,260-427-0846,1965/12/23,Inez.C.Washington@spambob.com
1290,female,Vicky,W,Hong,3735 Parrish Avenue,Santa Clara,CA,95054,831-252-5961,1960/12/08,Vicky.W.Hong@mailinator.com
1291,female,Melody,R,Young,3023 Airplane Avenue,Kent,CT,06757,860-927-4624,1957/03/13,Melody.R.Young@mailinator.com
1292,female,Leslie,D,Heffington,1699 Lowes Alley,Columbus,OH,43201,740-279-6547,1965/11/19,Leslie.D.Heffington@mailinator.com
1293,female,Anita,P,Sullivan,2200 Saint Clair Street,Jackson,MS,39211,662-580-4120,1951/10/15,Anita.P.Sullivan@pookmail.com
1294,female,Eryn,B,Wingate,664 Flynn Street,Euclid,OH,44132,440-944-9664,1970/09/30,Eryn.B.Wingate@mailinator.com
1295,female,Barbara,R,Williams,1365 Woodhill Avenue,Baltimore,MD,21202,410-777-5613,1948/09/12,Barbara.R.Williams@spambob.com
1296,male,James,S,Ferguson,1962 Taylor Street,New Rochelle,NY,10801,914-654-1657,1945/09/04,James.S.Ferguson@pookmail.com
1297,female,Olga,W,Pless,3659 Upland Avenue,Lima,OH,45801,419-915-6255,1961/04/01,Olga.W.Pless@spambob.com
1298,female,Rochelle,G,Bolick,1491 Layman Court,Stockbridge,GA,30281,678-284-6114,1947/03/20,Rochelle.G.Bolick@spambob.com
1299,female,Marcia,G,Hansen,277 Nancy Street,Angier,NC,27501,919-639-8622,1956/06/01,Marcia.G.Hansen@trashymail.com
1300,male,Bruce,R,Rowlands,2068 Pinnickinick Street,Eatonville,WA,98328,360-832-4259,1941/10/18,Bruce.R.Rowlands@dodgit.com
1301,female,Marcia,J,Caskey,1973 Bird Street,Gallina,NM,87017,505-638-9872,1963/06/09,Marcia.J.Caskey@dodgit.com
1302,female,Iona,M,Harris,3172 Post Farm Road,Atlanta,GA,30303,404-220-7845,1983/05/07,Iona.M.Harris@pookmail.com
1303,female,Denise,L,Hampton,2204 Black Stallion Road,Butler,KY,41006,859-472-4336,1940/11/10,Denise.L.Hampton@dodgit.com
1304,female,Meryl,J,Munroe,3639 Harry Place,Charlotte,NC,28263,704-773-0509,1960/09/13,Meryl.J.Munroe@spambob.com
1305,female,Alice,P,Smith,2888 Sunny Glen Lane,Cleveland,OH,44106,216-707-6363,1946/12/10,Alice.P.Smith@spambob.com
1306,male,Jerry,E,Gibbs,2253 Pearcy Avenue,Auburn,IN,46706,260-925-9916,1965/08/28,Jerry.E.Gibbs@trashymail.com
1307,male,Lawrence,M,Orr,3458 Prospect Street,Camden,NJ,08104,856-622-3214,1985/07/20,Lawrence.M.Orr@mailinator.com
1308,male,Roy,M,Groom,3653 Sunset Drive,West Memphis,AR,72301,870-732-9425,1958/04/21,Roy.M.Groom@spambob.com
1309,male,Christopher,D,Adams,693 Cimmaron Road,Burbank,CA,91505,714-606-4281,1956/09/30,Christopher.D.Adams@spambob.com
1310,male,Shawn,G,Jackson,3541 Elmwood Avenue,Chandler,AZ,85226,480-940-2183,1953/11/08,Shawn.G.Jackson@spambob.com
1311,female,Karen,R,Mangrum,2741 Short Street,Austin,TX,78758,512-876-8705,1950/05/09,Karen.R.Mangrum@pookmail.com
1312,male,James,D,Murphy,1534 Sardis Station,Minneapolis,MN,55402,612-543-5097,1950/12/28,James.D.Murphy@pookmail.com
1313,male,Robert,J,Salazar,434 Fraggle Drive,Oak Brook,IL,60523,630-343-6669,1940/04/22,Robert.J.Salazar@dodgit.com
1314,male,Michael,D,Ly,956 Hall Place,Pritchett,TX,75644,903-734-5619,1950/01/23,Michael.D.Ly@dodgit.com
1315,male,Mark,D,Mcvey,4646 Wolf Pen Road,Mountain View,CA,94041,650-335-9933,1950/03/31,Mark.D.Mcvey@spambob.com
1316,male,Francisco,M,Jackson,4972 Pinnickinnick Street,New Brunswick,NJ,08901,732-828-0594,1981/09/20,Francisco.M.Jackson@pookmail.com
1317,male,Bob,A,Mclaughlin,3127 Denver Avenue,Riverside,CA,92503,951-354-7727,1942/02/26,Bob.A.Mclaughlin@mailinator.com
1318,male,Anthony,T,Perry,1166 College Street,Atlanta,GA,30329,404-329-1669,1953/03/28,Anthony.T.Perry@trashymail.com
1319,male,Dan,B,Carbajal,1274 Commerce Boulevard,Norfolk,NE,68701,402-622-0604,1962/06/29,Dan.B.Carbajal@pookmail.com
1320,male,David,J,Lewis,993 Pringle Drive,Chicago,IL,60606,312-332-3204,1952/08/06,David.J.Lewis@trashymail.com
1321,male,James,C,Leonard,4814 Ford Street,Sunnyvale,CA,94086,408-522-8229,1980/11/05,James.C.Leonard@mailinator.com
1322,female,Joyce,T,William,258 Jadewood Drive,Chicago,IL,60606,224-267-6316,1985/12/17,Joyce.T.William@mailinator.com
1323,male,William,J,Whitbeck,1868 Sunny Day Drive,Huntington Beach,CA,92647,714-847-2960,1974/02/12,William.J.Whitbeck@dodgit.com
1324,male,Dennis,K,Abel,1188 Marshall Street,Essex,MD,21221,410-686-4652,1963/09/05,Dennis.K.Abel@dodgit.com
1325,female,Emma,J,Rausch,4138 Kenwood Place,Miramar,FL,33025,954-536-9996,1970/06/23,Emma.J.Rausch@dodgit.com
1326,male,Robert,B,Walley,2811 Roy Alley,Denver,CO,80218,303-894-8915,1956/01/25,Robert.B.Walley@dodgit.com
1327,male,Stephen,J,Otero,4706 Clarksburg Park Road,Phoenix,AZ,85003,928-274-9650,1954/11/11,Stephen.J.Otero@trashymail.com
1328,female,Agnes,C,Houseman,3726 Edwards Street,Rocky Mount,NC,27801,252-777-6238,1958/08/30,Agnes.C.Houseman@trashymail.com
1329,male,Jamie,M,Brunner,804 Seltice Way,Pocatello,ID,83204,208-705-1595,1949/04/26,Jamie.M.Brunner@pookmail.com
1330,male,Eddie,C,Lora,619 Short Street,Cincinnati,OH,45202,513-200-1615,1969/10/21,Eddie.C.Lora@spambob.com
1331,female,Sarah,W,Barnette,2 Boggess Street,Union City,OH,47390,937-968-2080,1982/08/22,Sarah.W.Barnette@dodgit.com
1332,male,John,E,Christopherso,3290 Centennial Farm Road,Manning,IA,51455,712-655-9534,1981/07/09,John.E.Christopherso@spambob.com
1333,male,Daniel,J,Thomas,2508 Randolph Street,Fall River,MA,02720,508-646-2797,1952/04/19,Daniel.J.Thomas@dodgit.com
1334,male,Stuart,S,Baggett,4585 Bird Spring Lane,Houston,TX,77060,281-518-8997,1966/10/19,Stuart.S.Baggett@mailinator.com
1335,male,Anthony,C,Gill,1031 Arthur Avenue,Wood Dale,IL,60191,815-823-4782,1968/06/01,Anthony.C.Gill@spambob.com
1336,female,Jean,S,Jones,219 Grant View Drive,New Berlin,WI,53151,414-412-7083,1978/11/13,Jean.S.Jones@mailinator.com
1337,male,Richard,L,Williams,4010 Grant View Drive,Milwaukee,WI,53226,414-480-3741,1978/05/22,Richard.L.Williams@spambob.com
1338,female,Shannon,V,Grizzard,3573 Brown Avenue,Six Mile,SC,29682,864-868-0240,1955/11/11,Shannon.V.Grizzard@spambob.com
1339,male,Joseph,L,Willis,1512 Hanifan Lane,Atlanta,GA,30308,678-608-6623,1967/07/29,Joseph.L.Willis@spambob.com
1340,male,Richard,T,Patel,1983 Broadway Avenue,Chattanooga,TN,30741,423-827-2010,1963/12/28,Richard.T.Patel@spambob.com
1341,female,Essie,W,Perkins,1571 Pearl Street,Sacramento,CA,95826,916-386-9849,1943/12/25,Essie.W.Perkins@mailinator.com
1342,male,Raymond,M,Zellmer,1591 Emeral Dreams Drive,Chicago,IL,60605,815-290-2233,1955/07/01,Raymond.M.Zellmer@trashymail.com
1343,male,George,J,Fisher,2562 Butternut Lane,Belleville,IL,62220,618-441-4358,1957/11/24,George.J.Fisher@spambob.com
1344,male,Wiley,S,Mcdonald,215 Thunder Road,San Mateo,CA,94403,650-513-8436,1944/09/12,Wiley.S.Mcdonald@dodgit.com
1345,male,Michael,L,Leblanc,142 Hanifan Lane,Monticello,GA,31064,678-577-5240,1956/12/11,Michael.L.Leblanc@mailinator.com
1346,female,Barbara,L,Amon,1465 Center Avenue,Fresno,CA,93702,559-456-0686,1958/02/06,Barbara.L.Amon@trashymail.com
1347,male,Roy,D,Fitzgerald,765 Tennessee Avenue,Troy,MI,48098,248-299-1663,1980/12/25,Roy.D.Fitzgerald@spambob.com
1348,female,Tonya,T,Burke,1394 Elk Rd Little,Tucson,AZ,85710,520-258-6863,1967/03/29,Tonya.T.Burke@spambob.com
1349,male,Edward,J,Scott,718 Middleville Road,El Monte,CA,91731,626-329-1104,1968/09/23,Edward.J.Scott@mailinator.com
1350,male,Vincent,M,Bozarth,1343 Austin Secret Lane,Kamas,UT,84036,435-333-8356,1947/05/20,Vincent.M.Bozarth@trashymail.com
1351,male,John,M,Garcia,2885 Poe Lane,Melvern,KS,66510,913-549-1953,1953/01/08,John.M.Garcia@spambob.com
1352,female,Sheri,M,Martz,678 Olen Thomas Drive,Wichita Falls,TX,76308,940-689-0939,1969/01/31,Sheri.M.Martz@spambob.com
1353,male,David,M,Sanders,2536 Still Pastures Drive,Columbia,SC,29210,803-410-0058,1976/05/09,David.M.Sanders@dodgit.com
1354,male,Harley,A,Wright,2668 Junior Avenue,Atlanta,GA,30303,404-596-5294,1965/11/12,Harley.A.Wright@dodgit.com
1355,female,Tina,D,Palacio,2243 Sundown Lane,Austin,TX,78723,512-235-5067,1961/10/23,Tina.D.Palacio@pookmail.com
1356,female,Natalie,K,Barrow,3092 Thompson Street,Los Angeles,CA,90017,562-625-7490,1967/09/04,Natalie.K.Barrow@spambob.com
1357,female,Lois,H,Day,4721 Courtright Street,Fargo,ND,58102,701-491-0313,1965/01/12,Lois.H.Day@trashymail.com
1358,male,Tony,S,Koontz,3196 Alpaca Way,Sherman Oaks,CA,91403,714-770-9035,1966/06/25,Tony.S.Koontz@trashymail.com
1359,male,John,M,Look,3578 Pheasant Ridge Road,Philadelphia,PA,19103,215-561-0782,1954/07/13,John.M.Look@pookmail.com
1360,male,David,A,Haffner,2970 Grove Avenue,Ada,OK,74820,580-310-3147,1949/12/09,David.A.Haffner@mailinator.com
1361,female,Gloria,G,Behr,1948 Romano Street,Cambridge,MA,02142,781-390-0090,1967/07/31,Gloria.G.Behr@mailinator.com
1362,male,Kevin,J,Hunter,4447 Thompson Street,Gardena,CA,90248,562-659-9660,1975/04/04,Kevin.J.Hunter@pookmail.com
1363,male,Joseph,N,Roehl,3372 Layman Court,Atlanta,GA,30328,678-385-7523,1975/07/21,Joseph.N.Roehl@pookmail.com
1364,male,Philip,R,Burris,4486 Gore Street,Sugar Land,TX,77478,713-618-6508,1967/02/08,Philip.R.Burris@dodgit.com
1365,female,Anna,J,Cruz,3736 Camden Street,Gabbs,NV,89409,775-285-8106,1948/06/03,Anna.J.Cruz@spambob.com
1366,female,Kelly,R,Warren,1887 Pickens Way,Tyler,TX,75757,903-324-7840,1950/04/30,Kelly.R.Warren@dodgit.com
1367,male,Colin,L,Wells,4237 Chardonnay Drive,Orchards,WA,98662,360-256-0306,1957/06/22,Colin.L.Wells@dodgit.com
1368,male,Gregory,V,Lagunas,1463 Fieldcrest Road,Smithtown,NY,11787,631-863-4787,1957/11/26,Gregory.V.Lagunas@mailinator.com
1369,male,Oliver,A,Jones,4318 Hinkle Lake Road,Cambridge,MA,02141,617-508-6812,1963/02/14,Oliver.A.Jones@dodgit.com
1370,male,Charles,J,Powers,4213 Walnut Drive,Strasburg,ND,58573,701-336-0786,1940/06/15,Charles.J.Powers@dodgit.com
1371,male,Christopher,K,Lockett,490 Hamilton Drive,Annapolis,MD,21401,410-269-6503,1983/07/18,Christopher.K.Lockett@mailinator.com
1372,female,Tina,A,Little,1180 Dane Street,Soap Lake,WA,98851,509-246-9895,1945/02/22,Tina.A.Little@trashymail.com
1373,female,Kathleen,T,Douglas,2466 Jarvisville Road,Hicksville,NY,11801,516-935-4424,1968/01/10,Kathleen.T.Douglas@mailinator.com
1374,female,Teresa,J,Guadalupe,877 Webster Street,Newark,NJ,07102,732-638-1243,1985/11/18,Teresa.J.Guadalupe@trashymail.com
1375,female,Kathy,R,Willard,3399 Wood Duck Drive,Cornell,MI,49818,906-384-0880,1957/10/26,Kathy.R.Willard@spambob.com
1376,male,Gregg,D,Delk,72 Victoria Street,Lombard,IL,60148,224-577-4893,1969/06/23,Gregg.D.Delk@mailinator.com
1377,male,Jim,M,Barber,4500 Comfort Court,Madison,WI,53703,608-294-5634,1969/11/27,Jim.M.Barber@pookmail.com
1378,female,Kim,B,Craig,4168 Alpaca Way,Fullerton,CA,92632,714-773-8032,1946/11/24,Kim.B.Craig@mailinator.com
1379,female,Thelma,W,Mccoy,4912 Hill Haven Drive,Seattle,WA,98161,253-967-2316,1959/09/23,Thelma.W.Mccoy@trashymail.com
1380,male,Steve,K,June,722 Diamond Cove,East Providence,RI,02914,401-301-1424,1954/12/18,Steve.K.June@mailinator.com
1381,female,Tiffany,L,Metcalfe,3647 Hillcrest Lane,Quail Valley,CA,92380,951-246-4920,1984/02/26,Tiffany.L.Metcalfe@trashymail.com
1382,male,Paul,K,Stormer,4998 Henery Street,Wichita,KS,67218,316-759-2280,1942/08/10,Paul.K.Stormer@dodgit.com
1383,male,Kelly,E,Walker,843 Briarwood Road,Shell Knob,MO,65747,417-858-6861,1966/09/08,Kelly.E.Walker@trashymail.com
1384,male,Joseph,C,Webb,130 Butternut Lane,Carbondale,IL,62901,618-453-3076,1985/06/18,Joseph.C.Webb@pookmail.com
1385,female,Caroline,A,Weatherwax,2719 Wildrose Lane,Detroit,MI,48224,313-882-1433,1973/03/03,Caroline.A.Weatherwax@mailinator.com
1386,male,Angel,M,Feinstein,4051 Hidden Valley Road,Lebanon,PA,17042,717-279-3737,1954/07/27,Angel.M.Feinstein@spambob.com
1387,male,Thomas,M,Chaney,2656 Fulton Street,Wheeling,WV,26003,304-402-8576,1940/10/26,Thomas.M.Chaney@spambob.com
1388,female,Opal,D,Waller,2539 Jewell Road,Minneapolis,MN,55418,612-781-6707,1950/07/24,Opal.D.Waller@dodgit.com
1389,female,Iola,J,Castaneda,2558 Ersel Street,Dallas,TX,75201,214-397-6162,1971/09/17,Iola.J.Castaneda@trashymail.com
1390,female,Evelyn,W,Mcmillan,3288 Green Street,Nashville,TN,37211,615-566-7566,1974/12/31,Evelyn.W.Mcmillan@trashymail.com
1391,female,Jacqueline,T,Hemphill,4961 Brighton Circle Road,Saint Cloud,MN,56301,320-533-0449,1966/02/28,Jacqueline.T.Hemphill@spambob.com
1392,male,Kenneth,I,Childress,942 Chicago Avenue,Woodlake,CA,93286,559-564-7762,1968/09/08,Kenneth.I.Childress@spambob.com
1393,male,Johnathan,S,Hill,51 Andell Road,Columbus,OH,43212,614-918-4298,1958/09/29,Johnathan.S.Hill@spambob.com
1394,male,Edgar,P,Ellis,4165 Denver Avenue,San Jacinto,CA,92583,951-487-6190,1957/10/10,Edgar.P.Ellis@spambob.com
1395,female,Marcia,R,Jarvis,4663 Bungalow Road,Pawnee City,NE,68420,402-852-8561,1960/07/03,Marcia.R.Jarvis@mailinator.com
1396,male,Walter,L,Thomas,2430 Smithfield Avenue,Lubbock,TX,79401,806-758-4656,1951/06/24,Walter.L.Thomas@pookmail.com
1397,male,Eugene,K,Springer,2292 Hillview Street,Columbia,SC,29204,803-741-6125,1962/12/28,Eugene.K.Springer@mailinator.com
1398,female,Jolene,L,Davis,2116 Neuport Lane,Norcross,GA,30071,770-409-8798,1959/04/21,Jolene.L.Davis@dodgit.com
1399,female,Dale,J,Hinshaw,4855 Prospect Street,Camden,NJ,08104,856-715-7770,1954/11/15,Dale.J.Hinshaw@dodgit.com
1400,male,Felipe,E,Milburn,2515 Clinton Street,Heber Springs,AR,72543,501-250-7375,1972/05/29,Felipe.E.Milburn@dodgit.com
1401,female,Louise,D,Kelley,2052 Davis Place,Springfield,MO,65804,417-929-1735,1940/08/10,Louise.D.Kelley@spambob.com
1402,male,Terry,T,Asher,3930 Concord Street,Charlotte,NC,28209,704-522-9739,1980/04/20,Terry.T.Asher@trashymail.com
1403,male,James,C,Bass,2272 Garfield Road,Canton,IL,61520,309-649-0958,1966/03/17,James.C.Bass@pookmail.com
1404,female,Nadine,A,Thomas,1047 Spring Haven Trail,West Orange,NJ,07052,973-669-4542,1958/11/17,Nadine.A.Thomas@spambob.com
1405,male,Galen,A,Carbaugh,3550 Vesta Drive,Park Ridge,IL,60068,773-714-9252,1968/11/20,Galen.A.Carbaugh@pookmail.com
1406,male,Timothy,P,Wheeler,4164 Sycamore Lake Road,Milwaukee,WI,53212,920-476-4290,1972/01/27,Timothy.P.Wheeler@pookmail.com
1407,male,Willie,M,Dominguez,2293 Mulberry Avenue,Little Rock,AR,72211,501-417-0579,1958/09/20,Willie.M.Dominguez@trashymail.com
1408,female,Laurel,T,Rivera,2242 Camden Place,Mount Pleasant,SC,29464,843-884-4255,1956/06/03,Laurel.T.Rivera@trashymail.com
1409,female,Nancy,W,Ford,3203 Public Works Drive,Blountville,TN,37617,423-397-4678,1979/07/02,Nancy.W.Ford@mailinator.com
1410,male,James,K,Rooney,1546 White Oak Drive,Oak Grove,MO,64075,816-625-3078,1966/09/25,James.K.Rooney@pookmail.com
1411,female,Tammy,C,Dunn,1374 Freed Drive,Stockton,CA,95202,209-752-2878,1983/03/26,Tammy.C.Dunn@pookmail.com
1412,female,Emma,S,Moore,1098 Eagles Nest Drive,Smartville,CA,95977,530-639-4597,1942/01/16,Emma.S.Moore@trashymail.com
1413,male,Nathanael,J,Moore,1849 Nuzum Court,Williamsville,NY,14221,716-631-3129,1957/09/03,Nathanael.J.Moore@mailinator.com
1414,male,Tyler,B,Sanner,4537 Central Avenue,Rochelle Park,NJ,07662,201-417-2248,1952/06/07,Tyler.B.Sanner@spambob.com
1415,male,Tim,C,Elder,846 Conaway Street,Carlislerg,IN,47838,812-398-2286,1974/08/04,Tim.C.Elder@dodgit.com
1416,female,Grace,C,Graff,3527 Clover Drive,Colorado Springs,CO,80903,719-327-1731,1957/10/27,Grace.C.Graff@dodgit.com
1417,male,Mario,H,Ferguson,4534 McVaney Road,Sugar Grove,NC,28679,828-297-5642,1981/05/20,Mario.H.Ferguson@mailinator.com
1418,male,Jeff,C,Webber,3955 Cunningham Court,Waterford,MI,48328,248-683-8726,1949/01/28,Jeff.C.Webber@mailinator.com
1419,female,Kathy,S,Millan,1893 Musgrave Street,Pauls Valley,OK,73075,405-238-3424,1981/12/12,Kathy.S.Millan@pookmail.com
1420,female,Wendy,R,Meeks,3936 Pin Oak Drive,Long Beach,CA,90808,562-982-0658,1983/05/06,Wendy.R.Meeks@mailinator.com
1421,female,Debra,J,Washington,1500 Columbia Boulevard,Baltimore,MD,21201,410-513-2029,1958/07/21,Debra.J.Washington@spambob.com
1422,female,Diane,J,Hudson,36 Spadafore Drive,State College,PA,16803,814-690-6276,1980/08/20,Diane.J.Hudson@pookmail.com
1423,male,Ellis,A,Cortez,3986 Luke Lane,Battiest,OK,74722,580-241-9156,1942/06/20,Ellis.A.Cortez@spambob.com
1424,male,Joe,D,Eaton,1273 Ash Avenue,Saint Louis,MO,63108,314-919-1361,1962/07/22,Joe.D.Eaton@pookmail.com
1425,male,Joseph,E,Sorenson,2532 Mapleview Drive,Tarpon Springs,FL,34689,727-942-4918,1975/01/18,Joseph.E.Sorenson@trashymail.com
1426,male,Anthony,M,Smith,2136 Public Works Drive,Blountville,TN,37617,423-325-4451,1982/12/25,Anthony.M.Smith@spambob.com
1427,female,Dolly,C,Oliver,4062 Boggess Street,Bellefontaine,OH,43310,937-935-2588,1959/11/28,Dolly.C.Oliver@pookmail.com
1428,male,Lorenzo,H,Gordon,4668 Rollins Road,Cotesfield,NE,68829,308-968-8047,1968/02/09,Lorenzo.H.Gordon@trashymail.com
1429,female,Stacey,S,Babineau,2820 Lodgeville Road,Minneapolis,MN,55415,612-251-4678,1968/10/05,Stacey.S.Babineau@dodgit.com
1430,female,Sandra,D,Littlefield,3575 Briarwood Road,Springfield,MO,65806,417-868-2807,1969/11/29,Sandra.D.Littlefield@spambob.com
1431,male,Jason,S,Peck,3323 Stratford Drive,Wailuku,HI,96793,808-249-9832,1944/10/24,Jason.S.Peck@dodgit.com
1432,male,William,J,Herron,2573 Romines Mill Road,Dallas,TX,75247,214-614-8578,1948/12/15,William.J.Herron@pookmail.com
1433,female,Myrtle,T,Pacheco,2932 Payne Street,St Paul,VA,24283,276-762-9692,1956/12/22,Myrtle.T.Pacheco@dodgit.com
1434,female,Sabrina,P,Tyler,3494 Chapel Street,Rosenberg,TX,77471,281-633-6981,1976/08/10,Sabrina.P.Tyler@mailinator.com
1435,female,Edith,J,Conklin,153 Aviation Way,Santa Ana,CA,92705,213-943-0658,1981/07/29,Edith.J.Conklin@spambob.com
1436,female,Victoria,C,Bryce,1636 Harrison Street,Oakland,CA,94612,415-534-5031,1949/02/16,Victoria.C.Bryce@trashymail.com
1437,male,Peter,S,Vecchio,1968 Upland Avenue,Leipsic,OH,45856,419-943-5291,1944/04/04,Peter.S.Vecchio@dodgit.com
1438,female,Trisha,J,Donahue,1059 Driftwood Road,San Francisco,CA,94108,408-306-4825,1955/11/18,Trisha.J.Donahue@dodgit.com
1439,male,William,M,Sullivan,1456 Woodland Terrace,Sacramento,CA,95814,916-914-3353,1959/01/28,William.M.Sullivan@mailinator.com
1440,female,Carrie,J,Hager,3730 Marigold Lane,Boca Raton,FL,33487,305-452-4990,1940/08/24,Carrie.J.Hager@spambob.com
1441,female,Agnes,M,Emig,4490 Patterson Road,New York,NY,10011,718-887-8826,1946/07/08,Agnes.M.Emig@pookmail.com
1442,male,Marshall,D,Doyle,501 Public Works Drive,Knoxville,TN,37917,423-307-2507,1965/09/15,Marshall.D.Doyle@pookmail.com
1443,female,Angela,T,Chun,4665 Harper Street,Madisonville,KY,42431,270-452-9425,1968/11/22,Angela.T.Chun@spambob.com
1444,male,Guy,B,Couch,4590 Valley View Drive,Boston,MA,02107,617-757-4041,1952/01/09,Guy.B.Couch@spambob.com
1445,male,William,J,Vallejos,2116 Lang Avenue,Salt Lake City,UT,84104,435-994-2650,1942/01/26,William.J.Vallejos@mailinator.com
1446,female,Shanta,J,Evans,1799 Stiles Street,Portland,PA,97205,412-620-5914,1969/05/04,Shanta.J.Evans@spambob.com
1447,male,Mark,Y,Hill,4849 Clearview Drive,Denver,CO,80209,303-744-4887,1953/08/25,Mark.Y.Hill@spambob.com
1448,female,Sara,E,Stone,2780 Wolf Pen Road,Burlingame,CA,94010,650-401-8250,1963/09/11,Sara.E.Stone@dodgit.com
1449,female,Courtney,K,Myers,1789 Wines Lane,Houston,TX,77032,832-265-6173,1943/08/28,Courtney.K.Myers@spambob.com
1450,female,Deborah,F,Blodgett,699 Glen Street,Fulton,KY,42041,270-370-1123,1942/04/11,Deborah.F.Blodgett@mailinator.com
1451,female,Flora,J,Mccormick,4620 Cost Avenue,Silver Spring,MD,20910,301-415-8055,1960/10/14,Flora.J.Mccormick@pookmail.com
1452,female,Denise,D,Kelly,986 Nickel Road,Santa Fe Springs,CA,90670,626-676-3599,1973/07/01,Denise.D.Kelly@pookmail.com
1453,male,Ethan,L,Foster,3274 Paul Wayne Haggerty Road,New Orleans,LA,70087,504-400-0629,1956/02/18,Ethan.L.Foster@mailinator.com
1454,male,John,P,Roberts,3164 Indiana Avenue,Wahiawa,HI,96786,808-621-3961,1954/05/26,John.P.Roberts@spambob.com
1455,female,Muriel,J,Chaput,1498 Cimmaron Road,Santa Ana,CA,92701,714-560-3446,1953/03/20,Muriel.J.Chaput@dodgit.com
1456,female,Kristina,K,Diamond,2188 Valley Lane,Austin,TX,78749,512-694-4137,1985/12/14,Kristina.K.Diamond@spambob.com
1457,male,Nicholas,M,Duncan,1509 Jadewood Drive,Hammond,IN,46320,219-937-5604,1946/08/23,Nicholas.M.Duncan@dodgit.com
1458,male,Ronald,I,Bond,531 Elk Avenue,Lansing,MI,48933,517-505-2943,1942/01/09,Ronald.I.Bond@pookmail.com
1459,female,Amanda,J,Alcorn,1473 Fort Street,Rocky Mount,NC,27801,252-920-4292,1964/09/20,Amanda.J.Alcorn@trashymail.com
1460,male,Michael,A,Silva,3648 Mutton Town Road,Ocean Park,WA,97044,360-665-6155,1960/06/05,Michael.A.Silva@pookmail.com
1461,male,Timothy,A,Clark,3236 Godfrey Street,Tigard,OR,97223,503-569-8687,1971/04/01,Timothy.A.Clark@pookmail.com
1462,male,Danny,J,Miller,605 Rubaiyat Road,Grand Rapids,MI,49503,231-712-3691,1951/07/09,Danny.J.Miller@pookmail.com
1463,male,Stanley,M,Adams,4977 Cedarstone Drive,Evansport,OH,43512,419-428-8403,1982/09/23,Stanley.M.Adams@dodgit.com
1464,female,Jessica,P,Ramos,3640 Confederate Drive,Baldwinsville,NY,13027,315-720-9604,1942/07/17,Jessica.P.Ramos@pookmail.com
1465,male,Timothy,J,Greenly,766 Nelm Street,Washington,VA,20036,571-451-6610,1942/11/20,Timothy.J.Greenly@mailinator.com
1466,male,Willie,P,Ross,882 Cinnamon Lane,San Antonio,TX,78209,210-882-0808,1957/06/13,Willie.P.Ross@trashymail.com
1467,male,Joe,M,Martin,2648 Sherwood Circle,Lafayette,LA,70506,337-256-1384,1942/04/04,Joe.M.Martin@spambob.com
1468,female,Barbara,J,Anderson,991 Aaron Smith Drive,York,PA,17404,717-793-3822,1972/03/20,Barbara.J.Anderson@mailinator.com
1469,male,Emil,D,Boyle,600 Emma Street,Roger Mills,TX,73628,806-988-4352,1970/09/25,Emil.D.Boyle@dodgit.com
1470,male,Johnny,J,Ramos,4368 Wexford Way,North Augusta,SC,29841,803-292-9702,1940/05/07,Johnny.J.Ramos@trashymail.com
1471,male,Clarence,M,Waltz,520 Ventura Drive,San Jose,CA,95110,831-274-3210,1975/08/19,Clarence.M.Waltz@dodgit.com
1472,female,Heather,T,Weeks,2142 Elk Rd Little,Tucson,AZ,85710,520-258-3475,1956/09/28,Heather.T.Weeks@dodgit.com
1473,female,Sherri,L,Cook,1700 Kelly Street,Kannapolis,NC,28081,704-934-4694,1962/06/01,Sherri.L.Cook@mailinator.com
1474,female,Cynthia,W,Garza,1807 Bridge Avenue,Lake Charles,LA,70629,337-764-7233,1962/04/07,Cynthia.W.Garza@dodgit.com
1475,male,Archie,J,Arnold,419 Lee Avenue,Penns Grove,NJ,08069,856-351-7100,1964/02/18,Archie.J.Arnold@spambob.com
1476,female,Christina,G,Wilson,4801 Marshville Road,Mahopac,NY,10541,845-621-0073,1959/11/10,Christina.G.Wilson@pookmail.com
1477,female,Jane,E,Burch,1173 Stout Street,Dover,PA,17315,717-308-8444,1957/08/31,Jane.E.Burch@mailinator.com
1478,female,Olivia,M,Mccoy,4649 Hart Country Lane,Thomaston,GA,30286,706-646-8872,1974/10/06,Olivia.M.Mccoy@dodgit.com
1479,male,Christopher,K,Kilmer,3069 Fantages Way,Hope,ID,83836,208-264-8473,1975/04/28,Christopher.K.Kilmer@trashymail.com
1480,male,John,J,Ocasio,3685 Twin Willow Lane,Wilmington,NC,28412,910-465-0400,1966/10/23,John.J.Ocasio@dodgit.com
1481,male,Jeffrey,S,Tucker,33 Eden Drive,Richmond,VA,23227,804-885-3523,1946/04/20,Jeffrey.S.Tucker@spambob.com
1482,male,Joel,M,Spiegel,845 Tecumsah Lane,Monroe,LA,71201,318-837-0542,1967/11/14,Joel.M.Spiegel@dodgit.com
1483,male,Lindsey,C,Alexander,4125 Copperhead Road,Hartford,CT,06103,860-656-6204,1957/06/01,Lindsey.C.Alexander@spambob.com
1484,female,Margaret,W,Whitesides,1926 Lewis Street,Wheeling,IL,60090,630-930-5643,1949/11/13,Margaret.W.Whitesides@pookmail.com
1485,male,Troy,T,Hugley,3806 Liberty Avenue,Burbank,CA,91505,714-496-0719,1976/04/28,Troy.T.Hugley@pookmail.com
1486,male,Harold,P,Gomez,4749 George Avenue,Mobile,AL,36602,251-434-7184,1967/09/16,Harold.P.Gomez@trashymail.com
1487,male,Daniel,C,Forrest,571 Brannon Avenue,Jacksonville,FL,32218,904-757-6844,1954/05/30,Daniel.C.Forrest@trashymail.com
1488,male,Russell,N,Williams,3871 Ocello Street,San Diego,CA,92103,619-912-3873,1976/07/17,Russell.N.Williams@trashymail.com
1489,male,Phil,D,Thompson,4122 South Street,Midland,TX,79701,432-692-4994,1973/06/17,Phil.D.Thompson@dodgit.com
1490,female,Linda,W,Farley,255 Kemper Lane,Salt Lake City,UT,84104,801-809-5771,1963/09/29,Linda.W.Farley@spambob.com
1491,female,Joan,D,Budd,2981 Woodbridge Lane,Detroit,MI,48219,313-535-5533,1941/12/19,Joan.D.Budd@spambob.com
1492,male,Craig,M,Rocco,1105 Tully Street,Detroit,MI,48219,313-686-1990,1944/09/23,Craig.M.Rocco@spambob.com
1493,male,William,H,Kimbrough,928 Maxwell Street,Middletown,CT,06457,860-704-0542,1957/03/03,William.H.Kimbrough@spambob.com
1494,male,George,F,Hager,3186 Sussex Court,Killeen,TX,76541,254-423-6229,1941/11/23,George.F.Hager@pookmail.com
1495,male,Ira,B,Partain,3267 East Avenue,Tempe,AZ,85281,480-317-3649,1943/09/29,Ira.B.Partain@spambob.com
1496,male,Oscar,C,Kirby,2413 Pyramid Valley Road,West Liberty,IA,52776,319-627-9092,1980/01/29,Oscar.C.Kirby@dodgit.com
1497,female,Katherine,N,Napier,4495 Virgil Street,Panama City,FL,32405,850-258-5829,1962/12/31,Katherine.N.Napier@dodgit.com
1498,female,Lorraine,M,Brake,553 Limer Street,Eatonton,GA,31024,706-484-9971,1962/05/29,Lorraine.M.Brake@trashymail.com
1499,female,Irene,R,Owens,947 Cook Hill Road,Stamford,CT,06902,203-455-7546,1949/06/12,Irene.R.Owens@spambob.com
1500,female,Lisa,L,Billings,2106 Lincoln Street,Laurel Springs,NJ,08021,609-460-8285,1954/11/15,Lisa.L.Billings@trashymail.com
1501,male,Curtis,J,Coghlan,1286 Freedom Lane,Stockton,CA,95204,209-288-7909,1959/06/18,Curtis.J.Coghlan@pookmail.com
1502,female,Jennie,H,Krieger,822 Chandler Drive,Nixa,MO,65714,417-724-0028,1969/07/24,Jennie.H.Krieger@spambob.com
1503,male,Raymond,M,Butler,4589 Poplar Street,Chicago,IL,60605,708-745-0496,1964/12/09,Raymond.M.Butler@dodgit.com
1504,male,Heath,N,Hobbs,2363 Whitetail Lane,Palmer,TX,75152,469-214-7847,1947/04/07,Heath.N.Hobbs@trashymail.com
1505,female,Erin,J,Beauchamp,3351 Farland Avenue,Victoria,TX,77901,830-536-3741,1956/10/02,Erin.J.Beauchamp@mailinator.com
1506,female,Christine,G,Mcavoy,3750 Stoney Lonesome Road,Jersey Shore,PA,17740,570-398-9411,1984/07/03,Christine.G.Mcavoy@pookmail.com
1507,male,Bobby,E,Hamilton,1808 Watson Lane,Frio Canyon,TX,78873,830-232-7216,1955/03/05,Bobby.E.Hamilton@trashymail.com
1508,female,Elizabeth,R,Stein,487 Maloy Court,Lawrence,KS,66044,785-423-0223,1944/10/03,Elizabeth.R.Stein@mailinator.com
1509,male,Eugene,D,Calderon,3454 Bates Brothers Road,Westerville,OH,43081,614-243-0152,1973/01/12,Eugene.D.Calderon@mailinator.com
1510,male,Steve,L,Brooks,506 Cecil Street,Chicago,IL,60605,312-213-8446,1976/11/30,Steve.L.Brooks@mailinator.com
1511,female,Anna,S,Goodwin,2201 Poplar Avenue,San Diego,CA,92139,619-472-7364,1972/11/18,Anna.S.Goodwin@trashymail.com
1512,female,Jeanene,R,Mcdonough,2138 Sugarfoot Lane,Kokomo,IN,46902,765-453-1286,1985/11/29,Jeanene.R.Mcdonough@trashymail.com
1513,male,Willie,B,Rader,3453 Burnside Avenue,La Sal,UT,84530,435-686-3731,1958/12/10,Willie.B.Rader@dodgit.com
1514,male,Kenneth,C,Andersen,1744 Center Street,Fresno,CA,93704,559-213-5127,1952/08/12,Kenneth.C.Andersen@trashymail.com
1515,male,Frederick,L,Brown,2303 Lynn Street,Cambridge,MA,02141,617-281-7443,1970/10/12,Frederick.L.Brown@pookmail.com
1516,male,Russell,D,Muniz,2135 Grim Avenue,La Mesa,CA,91941,619-765-9376,1958/02/07,Russell.D.Muniz@dodgit.com
1517,female,Lillian,H,Moultrie,937 Steve Hunt Road,Marathon,FL,33050,305-743-1654,1983/04/03,Lillian.H.Moultrie@spambob.com
1518,female,Sherry,T,Williams,1469 Cliffside Drive,Prattsburg,NY,14873,607-522-6231,1969/01/24,Sherry.T.Williams@trashymail.com
1519,female,Ginger,M,Ward,3305 Abia Martin Drive,East Northport,NY,11731,631-544-9611,1963/04/24,Ginger.M.Ward@pookmail.com
1520,female,Grace,T,Sampson,2033 Black Oak Hollow Road,Oakland,CA,94612,408-826-1981,1981/10/08,Grace.T.Sampson@spambob.com
1521,male,Benjamin,K,Jackson,949 Jefferson Street,Hampton,VA,23669,757-727-5204,1958/03/01,Benjamin.K.Jackson@mailinator.com
1522,female,Tilda,T,Anderson,4746 Brooke Street,Houston,TX,77022,713-697-4062,1984/11/13,Tilda.T.Anderson@pookmail.com
1523,female,Melisa,A,Gutierrez,948 Elmwood Avenue,Chandler,AZ,85249,480-895-3355,1943/11/02,Melisa.A.Gutierrez@pookmail.com
1524,female,Lavera,L,Everhart,4273 Zappia Drive,Lexington,KY,40511,859-321-2956,1961/02/20,Lavera.L.Everhart@pookmail.com
1525,male,Corey,G,Stine,2928 Broadway Street,Charleston,SC,29405,843-824-2710,1981/11/16,Corey.G.Stine@trashymail.com
1526,female,Tiffany,J,Pittman,3764 Traction Street,Spartanburg,SC,29302,864-573-1206,1965/12/08,Tiffany.J.Pittman@dodgit.com
1527,male,Spencer,M,Carballo,2929 Whitetail Lane,Dallas,TX,75204,469-287-7750,1974/01/20,Spencer.M.Carballo@pookmail.com
1528,male,Patrick,L,George,634 Logan Lane,Denver,CO,80205,303-299-8490,1969/06/29,Patrick.L.George@spambob.com
1529,female,Margaret,T,Mchugh,1700 Lyon Avenue,Woburn,MA,01801,508-933-2508,1975/03/04,Margaret.T.Mchugh@spambob.com
1530,female,Brandy,D,Burgess,309 Whispering Pines Circle,Irving,TX,75061,972-438-5025,1954/06/14,Brandy.D.Burgess@spambob.com
1531,female,Linda,J,Flaugher,627 Cambridge Place,Baltimore,MD,21202,410-545-9736,1966/07/15,Linda.J.Flaugher@mailinator.com
1532,male,Clint,K,Gray,503 Camel Back Road,Tulsa,OK,74145,918-641-3830,1963/06/02,Clint.K.Gray@trashymail.com
1533,female,Christine,M,Grinnell,4647 Farland Avenue,Johnson City,TX,78636,830-454-8825,1946/01/28,Christine.M.Grinnell@pookmail.com
1534,female,Kathy,S,Anderson,3979 Stockert Hollow Road,Seattle,WA,98133,425-765-9053,1964/04/08,Kathy.S.Anderson@pookmail.com
1535,female,Jennifer,S,Theisen,3749 Petunia Way,Birmingham,AL,35209,205-789-4560,1961/12/25,Jennifer.S.Theisen@mailinator.com
1536,female,Elizabeth,S,Marino,3469 Saints Alley,Tampa,FL,33614,813-756-4552,1968/12/20,Elizabeth.S.Marino@mailinator.com
1537,female,Brittani,A,Godfrey,2264 Still Pastures Drive,Fort Mill,SC,29715,803-396-9473,1953/01/23,Brittani.A.Godfrey@trashymail.com
1538,female,Rosie,M,Dietz,392 Worley Avenue,Lynchburg,VA,24551,434-473-4686,1966/07/14,Rosie.M.Dietz@trashymail.com
1539,male,Martin,B,Sisson,3261 Cabell Avenue,Arlington,VA,20301,703-571-3024,1949/06/27,Martin.B.Sisson@dodgit.com
1540,male,Timothy,A,Mcmurray,2272 Mandan Road,Saint Louis,MO,63108,573-789-1325,1984/04/19,Timothy.A.Mcmurray@trashymail.com
1541,female,Adeline,D,Forbes,3316 Cedarstone Drive,Defiance,OH,43512,419-505-3989,1984/08/11,Adeline.D.Forbes@trashymail.com
1542,female,Julia,D,Lopez,3366 Crestview Terrace,Center Point,TX,78010,830-634-4477,1979/01/28,Julia.D.Lopez@mailinator.com
1543,female,Jennifer,C,Rogers,1550 Timberbrook Lane,Durango,CO,81301,970-335-4340,1951/05/01,Jennifer.C.Rogers@mailinator.com
1544,male,Lloyd,W,Pate,1304 Richland Avenue,Sugar Land,TX,77487,281-276-0056,1947/06/02,Lloyd.W.Pate@trashymail.com
1545,male,Steven,M,Lewis,2554 Black Stallion Road,Fort Thomas,KY,41075,859-442-6427,1944/06/01,Steven.M.Lewis@dodgit.com
1546,male,Ronald,P,Gregor,14 Selah Way,Burlington,VT,05401,802-657-2705,1955/03/19,Ronald.P.Gregor@dodgit.com
1547,male,Mario,S,Dubois,3858 Kelly Street,Charlotte,NC,28202,704-942-9768,1968/02/20,Mario.S.Dubois@spambob.com
1548,male,Christopher,L,Thomas,3008 Barfield Lane,Indianapolis,IN,46202,317-537-8168,1984/10/27,Christopher.L.Thomas@pookmail.com
1549,male,Shawn,R,Stiefel,926 Eva Pearl Street,Livingston,LA,70754,225-686-6689,1953/12/05,Shawn.R.Stiefel@spambob.com
1550,female,Mamie,P,Sutton,1904 Meadowview Drive,Staunton,VA,24401,540-887-0549,1982/03/06,Mamie.P.Sutton@dodgit.com
1551,male,Danny,C,Hicks,57 Bailey Drive,Waterloo,IA,50703,319-272-1030,1971/02/07,Danny.C.Hicks@trashymail.com
1552,male,Brandon,B,Conway,2916 Leroy Lane,Sioux Falls,SD,57102,605-977-3683,1978/05/21,Brandon.B.Conway@pookmail.com
1553,female,Kay,J,Prince,1491 Harry Place,Concord,NC,28025,704-791-3384,1961/03/23,Kay.J.Prince@pookmail.com
1554,male,Charles,S,Clark,53 Jehovah Drive,Mill Gap,VA,24465,540-499-4167,1940/12/19,Charles.S.Clark@spambob.com
1555,male,Johnnie,L,Quinones,1687 Cinnamon Lane,San Antonio,TX,78212,210-754-8652,1976/09/16,Johnnie.L.Quinones@pookmail.com
1556,male,Charles,K,Gurrola,2066 August Lane,Shreveport,LA,71101,318-465-1302,1963/11/25,Charles.K.Gurrola@trashymail.com
1557,male,James,R,Hong,4572 Bloomfield Way,Portland,ME,04101,207-618-2339,1969/08/21,James.R.Hong@mailinator.com
1558,female,Barbara,M,White,4158 Davis Lane,Centennial,CO,80112,720-333-8292,1965/09/16,Barbara.M.White@trashymail.com
1559,male,James,A,Martin,3338 Sunny Day Drive,Burbank,CA,91505,714-883-2779,1975/01/15,James.A.Martin@mailinator.com
1560,male,Charles,R,Johnson,351 Memory Lane,Freeport,IL,61032,815-912-4947,1981/05/12,Charles.R.Johnson@pookmail.com
1561,female,Alisha,D,Pender,3887 Emma Street,New Home,TX,79383,806-924-1077,1951/01/09,Alisha.D.Pender@mailinator.com
1562,male,Aaron,S,Edmiston,3042 Elk City Road,Shreveport,LA,71101,318-218-6195,1946/09/30,Aaron.S.Edmiston@mailinator.com
1563,male,Richard,K,Vandyke,2836 Tuna Street,Seymour,IN,47274,812-212-0510,1948/03/03,Richard.K.Vandyke@pookmail.com
1564,female,Annie,W,Davila,4115 Valley Drive,Philadelphia,PA,19103,267-373-4481,1960/05/30,Annie.W.Davila@dodgit.com
1565,female,Maria,R,Fowler,1473 Davis Place,Kansas City,MO,64106,417-939-6440,1963/02/07,Maria.R.Fowler@mailinator.com
1566,female,Iris,T,Lester,4726 Warner Street,Casper,WY,82601,307-209-5838,1951/02/14,Iris.T.Lester@dodgit.com
1567,male,Christopher,C,Jackson,607 Chestnut Street,Clearwater,FL,34623,727-462-8632,1961/07/21,Christopher.C.Jackson@trashymail.com
1568,female,Anika,C,Ellison,4882 Hayhurst Lane,Detroit,MI,48226,248-767-0463,1973/06/14,Anika.C.Ellison@dodgit.com
1569,female,Mila,R,Williams,2251 Turkey Pen Lane,Columbus,AL,31901,334-468-0419,1963/11/02,Mila.R.Williams@mailinator.com
1570,male,Ruben,R,Chong,1537 Jail Drive,Davenport,IL,52803,309-987-7004,1962/11/24,Ruben.R.Chong@mailinator.com
1571,female,Kathy,D,Marcucci,2473 Rardin Drive,Fremont,CA,94539,650-716-0257,1959/08/29,Kathy.D.Marcucci@pookmail.com
1572,female,Margaret,A,Millan,247 Henry Ford Avenue,New York,NY,10016,917-982-8220,1976/09/13,Margaret.A.Millan@pookmail.com
1573,male,Randy,M,Fitzmaurice,4482 Rivendell Drive,Seville,OH,44273,330-769-4345,1963/09/18,Randy.M.Fitzmaurice@dodgit.com
1574,female,Enriqueta,T,Sumner,4178 Todds Lane,San Antonio,TX,78213,210-541-1503,1957/10/13,Enriqueta.T.Sumner@trashymail.com
1575,female,Danielle,J,Jackson,3853 Lincoln Street,Camden,NJ,08102,609-556-3040,1951/07/19,Danielle.J.Jackson@trashymail.com
1576,male,David,L,Johnson,2146 Dogwood Lane,Tucson,AZ,85711,520-750-6855,1957/12/28,David.L.Johnson@mailinator.com
1577,female,Annie,W,Patterson,3575 Stratford Drive,Kailua,HI,96734,808-254-9556,1956/04/07,Annie.W.Patterson@mailinator.com
1578,female,Odessa,M,Albright,3930 Goldcliff Circle,Washington,DC,20002,202-608-5222,1980/01/18,Odessa.M.Albright@mailinator.com
1579,male,Howard,L,Noah,314 Elk Street,Irvine,CA,92714,949-651-0424,1962/12/04,Howard.L.Noah@mailinator.com
1580,female,Dorothy,D,Miller,4295 Meadow Lane,Kelseyville,CA,95451,707-279-8142,1984/06/14,Dorothy.D.Miller@spambob.com
1581,female,Lisa,F,Crawley,3395 Wilmar Farm Road,Herndon,MD,22070,240-295-4758,1957/04/22,Lisa.F.Crawley@mailinator.com
1582,female,Helen,M,Edwards,3216 Crummit Lane,Beatrice,NE,68310,402-228-4229,1955/12/08,Helen.M.Edwards@dodgit.com
1583,male,Roger,B,Lipscomb,1983 Whispering Pines Circle,Rowlett,TX,75088,972-412-4321,1964/10/21,Roger.B.Lipscomb@pookmail.com
1584,female,Peggy,J,Donley,3674 Norma Avenue,Dayton,OH,45402,937-234-9475,1969/06/01,Peggy.J.Donley@trashymail.com
1585,female,Anita,J,Orta,256 Fairmont Avenue,Marceline,MO,64658,660-376-8388,1963/05/05,Anita.J.Orta@mailinator.com
1586,female,Virginia,J,Domingo,3986 Stonecoal Road,Mansfield,OH,44902,419-527-2267,1971/10/15,Virginia.J.Domingo@mailinator.com
1587,female,Kimberly,B,Peterson,1937 Woodland Avenue,Metairie,LA,70001,985-705-5417,1958/02/04,Kimberly.B.Peterson@dodgit.com
1588,male,Jason,S,Richter,2240 Poling Farm Road,Norfolk,NE,68701,402-370-2937,1940/04/07,Jason.S.Richter@spambob.com
1589,female,Regina,D,Hebert,2137 Pearl Street,Sacramento,CA,95826,916-381-8465,1963/11/30,Regina.D.Hebert@spambob.com
1590,male,Daniel,M,Austin,3702 Fantages Way,Sherman Mills,ME,04776,207-765-3788,1947/04/04,Daniel.M.Austin@spambob.com
1591,male,Jody,K,Potter,687 Pickens Way,Greenville,TX,75402,903-303-7118,1948/08/20,Jody.K.Potter@trashymail.com
1592,female,Kim,M,Petree,1157 Maple Lane,Huntsville,AL,35802,256-468-6469,1982/12/28,Kim.M.Petree@mailinator.com
1593,male,Jose,J,Prater,2807 Ryan Road,Aberdeen,SD,57401,605-622-1008,1965/08/04,Jose.J.Prater@spambob.com
1594,male,Brian,T,Bendel,2222 West Fork Street,Canyon Ferry,MT,59635,406-475-6160,1948/02/06,Brian.T.Bendel@mailinator.com
1595,female,Kimberly,E,Mccord,2236 Spinnaker Lane,Bureau,IL,61315,815-659-2452,1944/08/28,Kimberly.E.Mccord@trashymail.com
1596,female,Ruby,G,Henry,3760 Hart Ridge Road,Saginaw,MI,48607,989-241-2774,1981/09/06,Ruby.G.Henry@trashymail.com
1597,male,Joseph,G,Cotton,2043 Goodwin Avenue,Sunnyside,WA,98944,509-305-6234,1951/03/27,Joseph.G.Cotton@trashymail.com
1598,female,Tricia,J,Hayes,175 Davis Place,Milo,MO,64767,417-944-9869,1963/01/30,Tricia.J.Hayes@dodgit.com
1599,male,Glen,D,Keegan,1049 Francis Mine,Quincy,CA,95971,530-283-8276,1981/06/10,Glen.D.Keegan@spambob.com
1600,female,Mary,W,Cantu,1148 Franklin Avenue,Corpus Christi,TX,78411,361-969-2223,1983/04/23,Mary.W.Cantu@dodgit.com
1601,female,Danielle,E,Mouton,334 Oak Avenue,Chicago,IL,60606,847-932-8201,1942/10/24,Danielle.E.Mouton@spambob.com
1602,female,Christine,W,Ware,2246 Froe Street,Ripley,WV,25271,304-372-6977,1955/08/15,Christine.W.Ware@pookmail.com
1603,female,Susan,L,Schiller,1819 Wilmar Farm Road,Herndon,MD,22070,240-303-0714,1952/01/19,Susan.L.Schiller@spambob.com
1604,male,Luis,K,Ortiz,1274 Ferrell Street,Duluth,MN,55802,218-471-1756,1982/08/21,Luis.K.Ortiz@dodgit.com
1605,female,Dawn,J,Concepcion,2201 Howard Street,Wyoming,MI,49509,616-531-6515,1971/05/10,Dawn.J.Concepcion@trashymail.com
1606,female,Margaret,L,Orcutt,1907 Barrington Court,Norfork,AR,72658,870-499-8177,1952/07/02,Margaret.L.Orcutt@mailinator.com
1607,female,Lila,K,Foster,4783 Fairfield Road,Milwaukee,WI,53202,262-714-8574,1948/04/24,Lila.K.Foster@mailinator.com
1608,female,Hannah,A,Paine,2716 Marion Drive,Winter Haven,FL,33830,813-477-4803,1980/07/14,Hannah.A.Paine@mailinator.com
1609,female,Phyllis,A,Tartaglia,2436 Better Street,Kansas City,KS,66102,913-334-6457,1943/04/13,Phyllis.A.Tartaglia@pookmail.com
1610,male,Donald,M,Galli,1848 Highland View Drive,Fair Oaks,CA,95628,916-631-8742,1965/04/19,Donald.M.Galli@spambob.com
1611,female,Donna,R,Guzman,3348 Custer Street,Erie,PA,16510,814-898-4258,1956/02/21,Donna.R.Guzman@mailinator.com
1612,male,James,A,Helton,3184 Brown Bear Drive,Rancho California,CA,92390,951-719-4245,1948/08/20,James.A.Helton@dodgit.com
1613,female,Juanita,E,Rhone,1977 Young Road,Rupert,ID,83350,208-532-8789,1946/07/25,Juanita.E.Rhone@dodgit.com
1614,female,Georgetta,K,Wood,98 Highland Drive,Milwaukee,WI,53202,920-681-3606,1979/06/07,Georgetta.K.Wood@spambob.com
1615,male,William,D,Pierro,28 Upland Avenue,Lima,OH,45801,419-863-6984,1946/05/13,William.D.Pierro@dodgit.com
1616,female,Amanda,R,Coleman,3711 Gorby Lane,Hattiesburg,MS,39401,601-261-0408,1950/06/06,Amanda.R.Coleman@dodgit.com
1617,female,Lily,J,Frost,3541 My Drive,Garden City,NY,11530,347-405-8221,1942/06/29,Lily.J.Frost@dodgit.com
1618,female,Henry,J,Norris,2494 Park Avenue,Sacramento,CA,95814,916-438-8703,1972/03/01,Henry.J.Norris@mailinator.com
1619,female,Linda,R,Vargas,1058 Creekside Lane,Santa Barbara,CA,93101,805-705-5949,1945/04/09,Linda.R.Vargas@mailinator.com
1620,female,Sally,N,Soriano,3998 Brown Avenue,Seneca,SC,29678,864-888-5655,1951/07/18,Sally.N.Soriano@spambob.com
1621,male,James,V,Kelly,4885 Tipple Road,Plumsteadville,PA,18949,215-766-6482,1965/03/29,James.V.Kelly@trashymail.com
1622,female,Michelle,R,White,1217 John Avenue,Lansing,MI,48933,517-762-2300,1953/05/16,Michelle.R.White@pookmail.com
1623,male,Shawn,G,Runyon,838 Lady Bug Drive,Colorado Springs,CO,80903,719-232-6598,1970/05/28,Shawn.G.Runyon@trashymail.com
1624,male,Luis,C,Banuelos,2868 Hill Croft Farm Road,Sacramento,CA,95814,530-445-8490,1965/10/24,Luis.C.Banuelos@trashymail.com
1625,male,Michael,D,Austin,4902 Half and Half Drive,Fresno,CA,93706,559-862-1162,1953/02/21,Michael.D.Austin@dodgit.com
1626,female,Altha,J,Peterson,1167 Limer Street,Clarkesville,GA,30523,706-490-6612,1954/05/11,Altha.J.Peterson@trashymail.com
1627,female,Marie,D,Wallace,1423 Poplar Street,Ford Heights,IL,60411,708-757-2435,1983/01/01,Marie.D.Wallace@trashymail.com
1628,female,Karen,C,Stanley,2049 Farland Street,Lombard,IL,60148,773-979-9747,1972/07/17,Karen.C.Stanley@pookmail.com
1629,male,James,M,Boaz,3782 Tully Street,Detroit,MI,48219,313-694-1718,1943/04/21,James.M.Boaz@pookmail.com
1630,male,Raul,L,Cullison,462 Lake Road,Pleasantville,NJ,08232,609-385-7734,1962/04/28,Raul.L.Cullison@pookmail.com
1631,male,Mike,K,Montoya,40 Burning Memory Lane,Philadelphia,PA,19145,215-339-3357,1959/01/10,Mike.K.Montoya@pookmail.com
1632,female,Amy,J,Atkins,351 Elkview Drive,Sebastian,FL,32958,772-388-5446,1952/06/21,Amy.J.Atkins@spambob.com
1633,male,Ben,M,Diaz,791 Pike Street,San Diego,CA,92123,858-525-9105,1942/08/25,Ben.M.Diaz@spambob.com
1634,female,Stephanie,T,Burton,2277 Ocala Street,Orlando,FL,32810,407-392-9229,1959/01/19,Stephanie.T.Burton@dodgit.com
1635,female,Jennifer,J,Crider,3281 Pinewood Drive,Arlington Heights,IL,60004,847-800-4624,1958/11/19,Jennifer.J.Crider@mailinator.com
1636,male,James,K,Rupp,2288 Kyle Street,Scottsbluff,NE,69361,308-630-8025,1967/10/04,James.K.Rupp@trashymail.com
1637,female,Deborah,A,Guidry,2657 Wexford Way,Aiken,SC,29801,803-357-0770,1963/11/09,Deborah.A.Guidry@spambob.com
1638,female,Sherry,G,Cook,3465 Bastin Drive,Allentown,PA,18109,484-765-7016,1981/07/14,Sherry.G.Cook@pookmail.com
1639,female,Helena,W,Sholar,2052 Holly Street,Athens,GA,30606,706-215-4968,1977/08/28,Helena.W.Sholar@dodgit.com
1640,female,Michelle,M,Hindman,3944 Poling Farm Road,Omaha,NE,68137,402-301-4423,1971/12/04,Michelle.M.Hindman@pookmail.com
1641,male,Andrew,B,Flynn,2065 Still Street,Findlay,OH,45840,419-672-2639,1947/06/20,Andrew.B.Flynn@spambob.com
1642,male,Joseph,L,Reichert,4174 Edsel Road,City Of Commerce,CA,90040,818-416-3399,1948/12/19,Joseph.L.Reichert@spambob.com
1643,male,Kenneth,M,Ryant,4849 Hart Country Lane,Atlanta,GA,30308,706-621-0106,1949/12/25,Kenneth.M.Ryant@dodgit.com
1644,male,Carlos,R,Winkel,4919 Jones Avenue,Winston Salem,NC,27104,336-768-2259,1941/08/14,Carlos.R.Winkel@spambob.com
1645,male,Adrian,K,Cox,3281 Pinnickinnick Street,Freehold,NJ,07728,732-858-0195,1960/05/16,Adrian.K.Cox@dodgit.com
1646,female,Diane,T,Abernathy,1909 Chandler Hollow Road,Pittsburgh,PA,15201,412-414-3542,1965/11/21,Diane.T.Abernathy@trashymail.com
1647,female,Mary,H,Baillie,2444 Gore Street,Houston,TX,77026,713-513-3562,1961/05/06,Mary.H.Baillie@dodgit.com
1648,male,Steven,L,Galyon,2335 Cottrill Lane,Maryland Heights,MO,63141,314-433-5591,1958/01/31,Steven.L.Galyon@trashymail.com
1649,female,Charleen,D,Benson,4319 O Conner Street,Gulfport,MS,39501,228-867-1745,1968/10/05,Charleen.D.Benson@pookmail.com
1650,female,Shannon,D,Reid,1425 Lonely Oak Drive,Theodore,AL,36582,251-443-9243,1963/01/20,Shannon.D.Reid@mailinator.com
1651,female,Cynthia,N,Hudgens,1362 Dane Street,Spokane,WA,99201,509-214-3792,1946/01/27,Cynthia.N.Hudgens@pookmail.com
1652,female,Holly,M,Gonzales,3465 Fowler Avenue,Williamsport,IN,47993,765-986-7183,1974/07/22,Holly.M.Gonzales@spambob.com
1653,male,Stephen,S,Stephenson,1822 Loving Acres Road,Kansas City,MO,64106,816-989-4475,1956/09/14,Stephen.S.Stephenson@spambob.com
1654,female,June,B,Mullen,563 Maple Court,Saint Louis,MO,63102,573-400-0556,1957/05/30,June.B.Mullen@spambob.com
1655,male,James,K,Aarons,2492 Orphan Road,Eau Claire,WI,54701,715-976-6960,1946/01/16,James.K.Aarons@mailinator.com
1656,male,Roland,I,Mcmillen,4704 Tator Patch Road,Chicago,IL,60607,312-870-1660,1954/01/02,Roland.I.Mcmillen@pookmail.com
1657,female,Evelyn,R,Kyser,4594 Woodhill Avenue,Baltimore,MD,21202,410-752-3566,1944/06/08,Evelyn.R.Kyser@dodgit.com
1658,male,Gregory,T,Cervantes,3830 Lake Floyd Circle,Newark,DE,19711,302-204-4288,1950/11/28,Gregory.T.Cervantes@spambob.com
1659,female,Marjorie,M,Freeman,645 Hott Street,Oklahoma City,OK,73060,405-692-0867,1950/01/04,Marjorie.M.Freeman@pookmail.com
1660,male,Dana,C,Smith,1182 Monroe Street,Houston,TX,77015,713-451-0101,1945/07/30,Dana.C.Smith@pookmail.com
1661,male,Fred,A,Burke,768 Penn Street,Kennett,MO,63857,573-316-8226,1956/08/13,Fred.A.Burke@mailinator.com
1662,male,William,L,Conner,751 Nuzum Court,Getzville,NY,14068,716-568-6896,1946/10/30,William.L.Conner@trashymail.com
1663,male,Richard,M,Young,4018 Chestnut Street,Tampa,FL,33614,727-452-9836,1959/01/31,Richard.M.Young@mailinator.com
1664,female,Margaret,R,Allen,1638 Hickory Ridge Drive,Las Vegas,NV,89109,702-733-6047,1969/07/15,Margaret.R.Allen@pookmail.com
1665,male,James,H,Adame,4274 Hershell Hollow Road,Everett,WA,98201,425-258-3012,1941/03/24,James.H.Adame@trashymail.com
1666,male,Martin,C,Bailey,3000 Goldie Lane,Cincinnati,OH,45202,513-397-5081,1982/11/10,Martin.C.Bailey@trashymail.com
1667,female,Minnie,W,Mason,28 Beeghley Street,Temple,TX,76501,254-770-5403,1952/09/19,Minnie.W.Mason@trashymail.com
1668,female,Amber,K,Hendrix,4834 Spruce Drive,Pittsburgh,PA,15203,724-915-1062,1971/10/15,Amber.K.Hendrix@pookmail.com
1669,male,Alexis,A,Bailey,3303 Wakefield Street,Philadelphia,PA,19139,215-471-8924,1961/10/20,Alexis.A.Bailey@spambob.com
1670,female,Jacquelyn,D,Smith,2117 Bailey Drive,Iowa City,IA,52240,319-337-8258,1973/12/01,Jacquelyn.D.Smith@spambob.com
1671,female,Thelma,M,Baisley,2383 West Fork Street,Winnett,MT,59087,406-429-8668,1964/01/25,Thelma.M.Baisley@pookmail.com
1672,male,Bernard,A,Putman,2095 Maple Court,Sikeston,MO,63801,573-360-2641,1975/06/06,Bernard.A.Putman@spambob.com
1673,female,Eleanor,R,Fulmore,157 Lauren Drive,Madison,WI,53718,608-438-7977,1945/01/23,Eleanor.R.Fulmore@dodgit.com
1674,male,Willie,K,Forrest,646 Walnut Avenue,Spokane,ID,99201,208-816-1051,1954/03/06,Willie.K.Forrest@dodgit.com
1675,male,Robert,J,Sears,1640 College Avenue,Dayton,OH,45459,937-436-3432,1964/05/25,Robert.J.Sears@trashymail.com
1676,female,Wanda,D,Curran,2667 Jehovah Drive,Dahlgren,VA,22448,540-469-3569,1978/05/27,Wanda.D.Curran@mailinator.com
1677,female,Suzette,A,Hall,3743 Hewes Avenue,Hanover,MD,21076,443-655-1956,1975/06/15,Suzette.A.Hall@spambob.com
1678,male,Daniel,M,Dematteo,533 Jadewood Drive,Hammond,IN,46323,219-923-2482,1941/05/20,Daniel.M.Dematteo@mailinator.com
1679,female,Christy,J,Fish,3066 Evergreen Lane,Los Angeles,CA,90017,323-510-9046,1946/07/19,Christy.J.Fish@trashymail.com
1680,male,Robert,T,Allen,3985 Losh Lane,Pittsburgh,PA,15222,412-720-9292,1978/06/14,Robert.T.Allen@mailinator.com
1681,female,Deborah,P,Lacourse,4107 Fowler Avenue,Richmond,IN,47374,765-983-0774,1972/08/04,Deborah.P.Lacourse@dodgit.com
1682,female,Lillian,R,Fisher,4424 Selah Way,Brattleboro,VT,05301,802-716-6312,1945/05/27,Lillian.R.Fisher@dodgit.com
1683,female,Carmen,R,Donaldson,2328 Terra Cotta Street,Grand Rapids,MN,55744,218-501-0748,1963/04/21,Carmen.R.Donaldson@trashymail.com
1684,male,Charles,R,Miller,3128 Linden Avenue,Winter Park,FL,32789,407-596-2400,1975/02/26,Charles.R.Miller@trashymail.com
1685,male,Vernon,G,Lawrence,1453 Timber Oak Drive,Santa Maria,CA,93458,805-925-4828,1955/07/08,Vernon.G.Lawrence@pookmail.com
1686,female,Debra,C,Truesdale,4378 Raintree Boulevard,Indianapolis,IN,46240,765-272-3853,1958/08/17,Debra.C.Truesdale@dodgit.com
1687,male,Arthur,J,Broussard,2086 Brannon Avenue,Jacksonville,FL,32044,904-778-6193,1959/05/29,Arthur.J.Broussard@spambob.com
1688,female,Teresa,J,Gutierrez,4466 North Bend River Road,Somerset,KY,42501,606-875-4231,1970/08/03,Teresa.J.Gutierrez@dodgit.com
1689,male,Eugene,G,Savage,2916 Reeves Street,Sister Bay,WI,54234,920-854-2309,1969/06/25,Eugene.G.Savage@mailinator.com
1690,male,Ryan,E,Herold,2608 Lakewood Drive,Newark,NJ,07102,201-806-2004,1957/06/25,Ryan.E.Herold@pookmail.com
1691,male,Gary,F,Gokey,4424 Carolyns Circle,Dallas,TX,75204,214-695-5587,1966/09/06,Gary.F.Gokey@dodgit.com
1692,female,Jazmin,J,Dent,1338 Arthur Avenue,Marseilles,IL,61341,815-794-8394,1970/04/15,Jazmin.J.Dent@mailinator.com
1693,male,Brandon,B,Jolly,2295 Saints Alley,Plant City,FL,33564,813-759-0315,1947/03/11,Brandon.B.Jolly@mailinator.com
1694,female,Marla,J,Luc,956 Parrill Court,Bridgeview,IN,60455,219-614-8798,1954/02/26,Marla.J.Luc@mailinator.com
1695,female,Evelyn,C,Marsh,4167 Mill Street,Anderson,SC,29621,864-222-4396,1978/06/23,Evelyn.C.Marsh@mailinator.com
1696,male,Diego,R,Terry,942 White River Way,Salt Lake City,UT,84104,801-509-5856,1951/12/31,Diego.R.Terry@pookmail.com
1697,male,Jim,R,Mcnicholas,48 Lowes Alley,Westerville,OH,43081,740-319-9853,1974/11/25,Jim.R.Mcnicholas@dodgit.com
1698,female,Mary,R,Shaw,3992 Augusta Park,Eglon,WV,26716,304-735-6224,1966/03/01,Mary.R.Shaw@mailinator.com
1699,male,Edward,J,Perez,125 Pine Garden Lane,Canton,GA,30114,770-721-1877,1976/09/01,Edward.J.Perez@mailinator.com
1700,female,Sallie,D,Mcallister,4787 Sunny Glen Lane,Cleveland,OH,44111,216-889-7110,1964/12/09,Sallie.D.Mcallister@spambob.com
1701,female,Kelli,G,Lewis,4945 Wood Duck Drive,Gladstone,MI,49837,906-420-6528,1943/11/10,Kelli.G.Lewis@spambob.com
1702,male,Bruce,P,Ryman,2766 Wines Lane,Houston,TX,77002,832-342-7282,1943/12/24,Bruce.P.Ryman@spambob.com
1703,male,Tony,M,Kilian,641 Alfred Drive,Brooklyn,NY,11226,718-282-4077,1961/09/05,Tony.M.Kilian@pookmail.com
1704,female,Amy,H,Saunders,3686 Java Lane,Charlotte,SC,28202,803-656-7393,1984/01/10,Amy.H.Saunders@mailinator.com
1705,male,Angel,C,Wright,3854 Thunder Road,Dublin,CA,94568,650-537-2150,1979/12/23,Angel.C.Wright@pookmail.com
1706,male,James,G,Erickson,732 Juniper Drive,Saginaw,MI,48607,989-798-3473,1966/06/12,James.G.Erickson@pookmail.com
1707,female,Linda,M,Sinn,2696 Woodhill Avenue,Easton,MD,21601,410-763-7782,1977/07/12,Linda.M.Sinn@dodgit.com
1708,male,Charles,W,Cosby,977 Matthews Street,Bloomington,IL,61701,815-647-5346,1967/09/15,Charles.W.Cosby@spambob.com
1709,female,Denise,E,Warren,2217 Arthur Avenue,Freeport,IL,61032,815-804-0175,1966/05/20,Denise.E.Warren@trashymail.com
1710,female,Belinda,G,Cunningham,2401 West Virginia Avenue,Albany,NY,12207,518-857-3943,1960/05/16,Belinda.G.Cunningham@pookmail.com
1711,female,Mildred,T,Rice,99 McVaney Road,Rutherfordton,NC,28139,828-288-6915,1951/03/11,Mildred.T.Rice@pookmail.com
1712,female,Mary,G,Young,975 Terry Lane,Melbourne,FL,32935,321-242-5254,1955/05/06,Mary.G.Young@dodgit.com
1713,female,Adelia,J,Tinkle,498 Smith Street,Marlboro,MA,01752,508-786-4105,1985/05/05,Adelia.J.Tinkle@spambob.com
1714,female,Ruby,J,Harrington,1436 Rivendell Drive,Akron,OH,44305,330-839-5524,1943/03/24,Ruby.J.Harrington@pookmail.com
1715,female,Amy,D,Anderson,4026 Harley Vincent Drive,Warrensville Heights,OH,44128,440-669-7457,1976/07/21,Amy.D.Anderson@spambob.com
1716,female,Candi,D,George,2051 Hickory Street,Salt Lake City,UT,84111,801-703-1714,1948/03/18,Candi.D.George@dodgit.com
1717,female,Thelma,B,Olsen,1437 Bernardo Street,Vincennes,IN,47591,812-887-1678,1977/03/27,Thelma.B.Olsen@trashymail.com
1718,male,Joseph,H,Gimbel,2065 Johnny Lane,New Berlin,WI,53151,414-322-4576,1969/01/20,Joseph.H.Gimbel@pookmail.com
1719,male,Kevin,B,Wu,3702 Counts Lane,Lexington,KY,40517,859-971-7246,1982/01/15,Kevin.B.Wu@trashymail.com
1720,female,Maureen,J,Garcia,2696 Wayside Lane,Hayward,CA,94545,510-293-6846,1972/04/09,Maureen.J.Garcia@pookmail.com
1721,female,Yvonne,F,Burdick,4467 Elk City Road,Shreveport,LA,71101,318-218-1835,1953/04/25,Yvonne.F.Burdick@pookmail.com
1722,female,Mary,J,Barr,11 Little Acres Lane,Jacksonville,IL,62650,217-883-5512,1985/06/19,Mary.J.Barr@mailinator.com
1723,male,David,C,Adair,3732 Collins Avenue,Westerville,OH,43081,614-794-7718,1942/12/23,David.C.Adair@spambob.com
1724,female,Fae,V,Martin,3088 Concord Street,Charlotte,NC,28212,704-545-5814,1972/03/06,Fae.V.Martin@mailinator.com
1725,female,Teresa,J,Kelley,4021 Ben Street,Albany,NY,12207,518-232-9085,1957/02/16,Teresa.J.Kelley@dodgit.com
1726,male,Michael,J,Webb,3092 Layman Court,Norcross,GA,30071,678-288-3443,1944/01/28,Michael.J.Webb@spambob.com
1727,male,Samuel,R,Coder,4331 Roy Alley,Denver,CO,80202,303-957-4402,1985/02/05,Samuel.R.Coder@dodgit.com
1728,male,Darryl,L,Moyer,1496 West Street,Grand Rapids,MI,49503,616-576-2396,1944/03/03,Darryl.L.Moyer@trashymail.com
1729,male,Fidel,M,Durbin,4394 Clay Lick Road,Denver,CO,80202,720-549-6820,1953/02/26,Fidel.M.Durbin@spambob.com
1730,male,Myron,D,Hunter,3109 Philli Lane,Tulsa,OK,74119,918-528-7053,1961/10/31,Myron.D.Hunter@mailinator.com
1731,female,Candy,M,Mciver,2779 Tori Lane,Salt Lake City,UT,84113,801-582-1949,1954/03/23,Candy.M.Mciver@trashymail.com
1732,female,Blondell,W,Holcombe,3678 Coplin Avenue,Phoenix,AZ,85040,602-453-5764,1980/02/18,Blondell.W.Holcombe@pookmail.com
1733,male,Kenneth,P,Hitt,1086 Kildeer Drive,Norfolk,VA,23502,757-236-2864,1973/10/04,Kenneth.P.Hitt@mailinator.com
1734,female,Teresa,H,Cordova,3704 Farland Avenue,Kerrville,TX,78028,830-459-2116,1962/03/31,Teresa.H.Cordova@pookmail.com
1735,female,Bridgette,H,Jones,29 Griffin Street,Phoenix,AZ,85012,602-297-5549,1960/04/18,Bridgette.H.Jones@pookmail.com
1736,male,Harold,S,Wagner,3370 Dogwood Road,Phoenix,AZ,85012,602-613-6042,1984/04/24,Harold.S.Wagner@dodgit.com
1737,female,Jessica,D,Hood,3963 Gateway Road,Aloha,OR,97007,503-259-7558,1963/04/23,Jessica.D.Hood@dodgit.com
1738,male,Fred,J,Holden,4252 Wilkinson Court,North Naples,FL,33963,239-596-0119,1945/05/19,Fred.J.Holden@trashymail.com
1739,male,Tony,A,Clarke,97 Lang Avenue,Logan,UT,84321,435-760-0849,1973/11/20,Tony.A.Clarke@spambob.com
1740,female,Tammy,R,Haygood,2260 Moonlight Drive,Camden,NJ,08102,609-636-2586,1979/06/11,Tammy.R.Haygood@trashymail.com
1741,female,Danielle,J,Bell,847 Daylene Drive,West Bloomfield,MI,48033,734-578-1647,1985/08/03,Danielle.J.Bell@trashymail.com
1742,female,Laverne,C,Cleary,4465 Benson Park Drive,Perkins,OK,74059,405-547-9999,1977/02/16,Laverne.C.Cleary@trashymail.com
1743,male,Kenneth,A,Cobb,1201 Wiseman Street,Knoxville,TN,37929,865-276-9052,1959/10/03,Kenneth.A.Cobb@pookmail.com
1744,female,Patricia,C,Mccutchen,4986 Melody Lane,Richmond,VA,23220,804-355-4289,1961/09/21,Patricia.C.Mccutchen@dodgit.com
1745,female,Meggan,E,Sanborn,3169 Memory Lane,Rockford,IL,61101,815-971-0106,1972/05/09,Meggan.E.Sanborn@mailinator.com
1746,female,Jacqueline,G,Jacobs,1436 Fleming Street,Enterprise,AL,36330,334-362-1218,1981/11/30,Jacqueline.G.Jacobs@pookmail.com
1747,male,Charles,J,Sampson,2984 Goff Avenue,Three Rivers,MI,49093,269-625-0475,1961/11/07,Charles.J.Sampson@dodgit.com
1748,male,Dong,K,Overstreet,2865 Star Route,Wood Dale,IL,60191,708-590-8786,1956/06/18,Dong.K.Overstreet@pookmail.com
1749,male,Dwayne,J,Brown,2524 Brookview Drive,San Jose,CA,95113,408-993-1959,1948/05/15,Dwayne.J.Brown@trashymail.com
1750,female,Megan,J,Kaneshiro,837 Nash Street,Dearborn,MI,48124,313-277-8634,1968/09/10,Megan.J.Kaneshiro@mailinator.com
1751,female,Marjorie,G,Bryant,1653 Kennedy Court,Bedford,MA,01730,774-290-0372,1979/06/14,Marjorie.G.Bryant@pookmail.com
1752,male,Dorsey,S,Ervin,2378 Lynch Street,Waukesha,WI,53186,920-914-5424,1952/08/19,Dorsey.S.Ervin@dodgit.com
1753,female,Nicole,R,Johnson,1715 Bingamon Road,Independence,OH,44131,440-606-1561,1981/08/10,Nicole.R.Johnson@spambob.com
1754,male,Charles,V,Prater,970 Rinehart Road,Miami,FL,33128,786-468-2412,1979/01/27,Charles.V.Prater@spambob.com
1755,male,Herschel,L,Cunningham,1882 Wilkinson Street,Smithville,TN,37166,615-408-7004,1952/08/28,Herschel.L.Cunningham@dodgit.com
1756,female,Rosemary,J,Dicken,1800 Kelley Road,Gulfport,MS,39501,228-547-7223,1966/06/14,Rosemary.J.Dicken@dodgit.com
1757,male,Michael,S,Mccutchen,4202 Railroad Street,Marquette,MI,49855,906-244-8770,1976/04/10,Michael.S.Mccutchen@pookmail.com
1758,female,Myrtle,M,Richardson,4024 Caldwell Road,Rochester,NY,14608,585-202-6926,1974/01/23,Myrtle.M.Richardson@pookmail.com
1759,male,Neil,B,Simmons,2012 Berkley Street,Philadelphia,PA,19108,484-903-9019,1942/04/11,Neil.B.Simmons@spambob.com
1760,male,Christian,M,Hardy,4257 Norman Street,Los Angeles,CA,90042,323-258-6232,1950/11/11,Christian.M.Hardy@mailinator.com
1761,male,Eric,A,Cook,3450 Ocala Street,Orlando,FL,32805,407-405-0141,1957/01/22,Eric.A.Cook@mailinator.com
1762,male,Bruce,D,Berman,563 Horseshoe Lane,Philadelphia,PA,19108,484-434-4638,1976/09/24,Bruce.D.Berman@pookmail.com
1763,female,Salina,D,Davis,1069 Longview Avenue,New York,NY,10011,718-578-9307,1946/10/24,Salina.D.Davis@dodgit.com
1764,male,Nick,A,Talmadge,4663 Queens Lane,Lynchburg,VA,24504,434-849-9228,1966/06/17,Nick.A.Talmadge@mailinator.com
1765,female,Lenora,R,Culler,153 Wood Duck Drive,Iron Mountain,MI,49801,906-361-4429,1955/01/05,Lenora.R.Culler@pookmail.com
1766,female,Marie,J,Laughlin,1728 River Road,Pueblo,CO,81004,719-560-6810,1972/05/20,Marie.J.Laughlin@pookmail.com
1767,male,Nathaniel,M,Bump,433 Quarry Drive,Auburn,AL,36830,334-887-8383,1952/08/03,Nathaniel.M.Bump@dodgit.com
1768,female,Nancy,F,Ali,3719 Emma Street,Lamesa,TX,79331,806-872-0178,1971/12/09,Nancy.F.Ali@pookmail.com
1769,male,William,B,Williams,4126 Stark Hollow Road,Nucla,CO,81424,970-931-0067,1946/07/07,William.B.Williams@spambob.com
1770,female,Hannah,J,Horstman,4109 Burke Street,Dedham,MA,02026,781-329-2666,1983/05/15,Hannah.J.Horstman@trashymail.com
1771,female,Mattie,A,Moore,2172 Grasselli Street,Hillsboro,NH,03244,603-464-7484,1965/06/19,Mattie.A.Moore@spambob.com
1772,male,Russell,E,Richards,2548 Camden Street,Carson City,NV,89705,775-267-2587,1970/08/04,Russell.E.Richards@pookmail.com
1773,female,Dorothea,L,Gartner,1084 Timberbrook Lane,Durango,CO,81301,970-259-1706,1947/12/04,Dorothea.L.Gartner@dodgit.com
1774,male,Ronald,M,Ware,2744 Godfrey Road,Manhattan,NY,10016,212-545-6389,1959/08/18,Ronald.M.Ware@spambob.com
1775,male,Vito,K,Clifford,2472 Kyle Street,Chadron,NE,69337,308-432-3325,1973/09/27,Vito.K.Clifford@mailinator.com
1776,male,Kenneth,J,Herb,3968 Joseph Street,Town Of Brookfield,WI,53186,262-798-9161,1978/01/23,Kenneth.J.Herb@trashymail.com
1777,male,Lionel,D,Neal,4619 Jarvis Street,Buffalo,NY,14202,716-952-3927,1956/05/03,Lionel.D.Neal@mailinator.com
1778,female,Pamela,N,Harris,2621 Duff Avenue,Cabot,VT,05647,802-429-4243,1968/08/10,Pamela.N.Harris@mailinator.com
1779,female,Elvira,A,Gong,763 Sunrise Road,Henderson,NV,89014,702-942-9474,1977/03/17,Elvira.A.Gong@pookmail.com
1780,male,Mark,L,Williams,4163 Scenic Way,Peoria,IL,61602,217-750-7912,1968/03/24,Mark.L.Williams@dodgit.com
1781,female,Rachel,D,Richardson,4953 Hart Street,Thomaston,CT,06787,860-283-7791,1968/07/19,Rachel.D.Richardson@mailinator.com
1782,female,Heather,E,Rahn,1656 Stonepot Road,Elizabeth,NJ,07201,908-351-8747,1949/06/25,Heather.E.Rahn@spambob.com
1783,male,Justin,R,Arias,4047 Lake Forest Drive,Lenexa,KS,66215,913-917-9666,1950/07/28,Justin.R.Arias@mailinator.com
1784,male,Willie,M,Gambill,4967 Snowbird Lane,Omaha,NE,68137,402-708-3410,1945/03/10,Willie.M.Gambill@mailinator.com
1785,male,James,I,Mcpherson,349 Green Acres Road,Manteo,NC,27954,252-423-2664,1977/12/03,James.I.Mcpherson@spambob.com
1786,male,Scott,A,Jones,3648 Lucky Duck Drive,Bethel Park,PA,15102,412-854-5869,1941/09/05,Scott.A.Jones@trashymail.com
1787,female,Tiffany,W,Ebert,1727 Wayback Lane,Smithtown,NY,11787,631-406-6291,1951/04/25,Tiffany.W.Ebert@spambob.com
1788,female,Katherine,G,Pender,4340 Anthony Avenue,Newburg,TX,76801,325-885-6998,1981/03/12,Katherine.G.Pender@spambob.com
1789,female,Megan,M,Fugate,291 Armory Road,Charlotte,NC,28202,910-700-1214,1976/06/29,Megan.M.Fugate@pookmail.com
1790,female,Irene,B,Henry,4046 Adonais Way,Norcross,GA,30071,678-464-6947,1950/08/13,Irene.B.Henry@trashymail.com
1791,female,Shanna,J,Griego,1055 Corbin Branch Road,Elizabethton,TN,37643,423-547-4640,1950/01/04,Shanna.J.Griego@pookmail.com
1792,male,Robert,J,Pasquale,3837 Sharon Lane,Plymouth,IN,46563,574-265-4116,1982/02/20,Robert.J.Pasquale@pookmail.com
1793,male,Daniel,D,Curtis,2986 Bassel Street,Metairie,LA,70001,985-467-6764,1966/04/16,Daniel.D.Curtis@trashymail.com
1794,female,Gene,R,Wright,4358 Alpha Avenue,Birthright,TX,75481,903-945-5122,1966/08/26,Gene.R.Wright@pookmail.com
1795,female,Wendy,C,Bashir,477 Wood Duck Drive,Marquette,MI,49855,906-469-0749,1977/07/14,Wendy.C.Bashir@spambob.com
1796,male,Brian,S,Chisolm,1566 Brannon Street,Los Angeles,CA,90017,213-288-5783,1981/08/04,Brian.S.Chisolm@mailinator.com
1797,female,Wanda,S,Yount,2119 County Line Road,Plant City,FL,33566,727-743-1322,1944/02/09,Wanda.S.Yount@pookmail.com
1798,female,Kelly,S,Sheehan,1679 White Oak Drive,Kansas City,MO,64106,816-600-5382,1949/04/17,Kelly.S.Sheehan@trashymail.com
1799,female,Ophelia,H,Shephard,1729 Chicago Avenue,Fresno,CA,93721,559-613-9730,1944/09/11,Ophelia.H.Shephard@trashymail.com
1800,male,Leslie,J,Dyer,1902 Graystone Lakes,Cadwell,GA,31009,478-689-4168,1945/06/09,Leslie.J.Dyer@mailinator.com
